date,year,month,period_type,product_code,product_name,criticality,fab_code,fab_name,demand_units,forecast_units,capacity_units,supply_units,demand_fulfilled_units,shortage_units,inventory_begin_units,inventory_end_units
2024-01-01,2024,1,Actual,MCU-A32,Microcontroller A32,High,FAB1-TW,Fab 1 - Taiwan,176370,176124,217350,220402,176370,0,189000,233031
2024-01-01,2024,1,Actual,MCU-A32,Microcontroller A32,High,FAB2-AZ,Fab 2 - Arizona,117542,117416,138600,134449,117542,0,126000,142907
2024-01-01,2024,1,Actual,MCU-A32,Microcontroller A32,High,FAB3-SG,Fab 3 - Singapore,98855,97847,110250,109661,98855,0,105000,115806
2024-01-01,2024,1,Actual,MEM-D4,DRAM Memory D4,High,FAB1-TW,Fab 1 - Taiwan,257260,259525,315675,323021,257260,0,274500,340261
2024-01-01,2024,1,Actual,MEM-D4,DRAM Memory D4,High,FAB2-AZ,Fab 2 - Arizona,172956,173017,201300,201745,172956,0,183000,211789
2024-01-01,2024,1,Actual,MEM-D4,DRAM Memory D4,High,FAB3-SG,Fab 3 - Singapore,140161,144181,160125,156876,140161,0,152500,169215
2024-01-01,2024,1,Actual,LOGIC-X7,Logic IC X7,Critical,FAB1-TW,Fab 1 - Taiwan,111021,117190,134550,134264,111021,0,117000,140243
2024-01-01,2024,1,Actual,LOGIC-X7,Logic IC X7,Critical,FAB2-AZ,Fab 2 - Arizona,74739,78126,85800,83306,74739,0,78000,86567
2024-01-01,2024,1,Actual,LOGIC-X7,Logic IC X7,Critical,FAB3-SG,Fab 3 - Singapore,61242,65105,68250,68919,61242,0,65000,72677
2024-01-01,2024,1,Actual,ANALOG-P9,Power Mgmt IC P9,Medium,FAB1-TW,Fab 1 - Taiwan,149333,142090,175950,176823,149333,0,153000,180491
2024-01-01,2024,1,Actual,ANALOG-P9,Power Mgmt IC P9,Medium,FAB2-AZ,Fab 2 - Arizona,100357,94726,112200,109702,100357,0,102000,111345
2024-01-01,2024,1,Actual,ANALOG-P9,Power Mgmt IC P9,Medium,FAB3-SG,Fab 3 - Singapore,83278,78939,89250,86547,83278,0,85000,88268
2024-01-01,2024,1,Actual,SENSOR-S2,Sensor IC S2,Medium,FAB1-TW,Fab 1 - Taiwan,67891,73830,93150,94782,67891,0,81000,107891
2024-01-01,2024,1,Actual,SENSOR-S2,Sensor IC S2,Medium,FAB2-AZ,Fab 2 - Arizona,46718,49220,59400,57952,46718,0,54000,65234
2024-01-01,2024,1,Actual,SENSOR-S2,Sensor IC S2,Medium,FAB3-SG,Fab 3 - Singapore,39072,41016,47250,46303,39072,0,45000,52231
2024-02-01,2024,2,Actual,MCU-A32,Microcontroller A32,High,FAB1-TW,Fab 1 - Taiwan,190183,187526,220176,223780,190183,0,233031,266629
2024-02-01,2024,2,Actual,MCU-A32,Microcontroller A32,High,FAB2-AZ,Fab 2 - Arizona,128114,125017,141372,142361,128114,0,142907,157154
2024-02-01,2024,2,Actual,MCU-A32,Microcontroller A32,High,FAB3-SG,Fab 3 - Singapore,106786,104181,111463,112529,106786,0,115806,121549
2024-02-01,2024,2,Actual,MEM-D4,DRAM Memory D4,High,FAB1-TW,Fab 1 - Taiwan,269410,268095,319779,322972,269410,0,340261,393823
2024-02-01,2024,2,Actual,MEM-D4,DRAM Memory D4,High,FAB2-AZ,Fab 2 - Arizona,180404,178730,205326,211486,180404,0,211789,242871
2024-02-01,2024,2,Actual,MEM-D4,DRAM Memory D4,High,FAB3-SG,Fab 3 - Singapore,148617,148941,161886,158329,148617,0,169215,178927
2024-02-01,2024,2,Actual,LOGIC-X7,Logic IC X7,Critical,FAB1-TW,Fab 1 - Taiwan,123304,127323,136299,138578,123304,0,140243,155517
2024-02-01,2024,2,Actual,LOGIC-X7,Logic IC X7,Critical,FAB2-AZ,Fab 2 - Arizona,83701,84882,87516,87351,83701,0,86567,90217
2024-02-01,2024,2,Actual,LOGIC-X7,Logic IC X7,Critical,FAB3-SG,Fab 3 - Singapore,65886,70735,69001,68266,65886,0,72677,75058
2024-02-01,2024,2,Actual,ANALOG-P9,Power Mgmt IC P9,Medium,FAB1-TW,Fab 1 - Taiwan,159000,142666,178237,179140,159000,0,180491,200631
2024-02-01,2024,2,Actual,ANALOG-P9,Power Mgmt IC P9,Medium,FAB2-AZ,Fab 2 - Arizona,105260,95110,114444,116100,105260,0,111345,122185
2024-02-01,2024,2,Actual,ANALOG-P9,Power Mgmt IC P9,Medium,FAB3-SG,Fab 3 - Singapore,89299,79259,90232,92939,89299,0,88268,91908
2024-02-01,2024,2,Actual,SENSOR-S2,Sensor IC S2,Medium,FAB1-TW,Fab 1 - Taiwan,82564,79239,94361,92792,82564,0,107891,118118
2024-02-01,2024,2,Actual,SENSOR-S2,Sensor IC S2,Medium,FAB2-AZ,Fab 2 - Arizona,56729,52826,60588,59901,56729,0,65234,68406
2024-02-01,2024,2,Actual,SENSOR-S2,Sensor IC S2,Medium,FAB3-SG,Fab 3 - Singapore,46325,44022,47770,48486,46325,0,52231,54391
2024-03-01,2024,3,Actual,MCU-A32,Microcontroller A32,High,FAB1-TW,Fab 1 - Taiwan,190719,200172,223038,218209,190719,0,266629,294119
2024-03-01,2024,3,Actual,MCU-A32,Microcontroller A32,High,FAB2-AZ,Fab 2 - Arizona,130508,133448,144199,145398,130508,0,157154,172045
2024-03-01,2024,3,Actual,MCU-A32,Microcontroller A32,High,FAB3-SG,Fab 3 - Singapore,112632,111206,112689,112647,112632,0,121549,121564
2024-03-01,2024,3,Actual,MEM-D4,DRAM Memory D4,High,FAB1-TW,Fab 1 - Taiwan,307853,301092,323936,329724,307853,0,393823,415694
2024-03-01,2024,3,Actual,MEM-D4,DRAM Memory D4,High,FAB2-AZ,Fab 2 - Arizona,201977,200728,209433,205198,201977,0,242871,246092
2024-03-01,2024,3,Actual,MEM-D4,DRAM Memory D4,High,FAB3-SG,Fab 3 - Singapore,170422,167273,163667,164914,170422,0,178927,173419
2024-03-01,2024,3,Actual,LOGIC-X7,Logic IC X7,Critical,FAB1-TW,Fab 1 - Taiwan,138733,127829,138071,137080,138733,0,155517,153864
2024-03-01,2024,3,Actual,LOGIC-X7,Logic IC X7,Critical,FAB2-AZ,Fab 2 - Arizona,91848,85219,89266,89472,91848,0,90217,87841
2024-03-01,2024,3,Actual,LOGIC-X7,Logic IC X7,Critical,FAB3-SG,Fab 3 - Singapore,73411,71016,69760,68185,73411,0,75058,69832
2024-03-01,2024,3,Actual,ANALOG-P9,Power Mgmt IC P9,Medium,FAB1-TW,Fab 1 - Taiwan,165600,175463,180554,183042,165600,0,200631,218073
2024-03-01,2024,3,Actual,ANALOG-P9,Power Mgmt IC P9,Medium,FAB2-AZ,Fab 2 - Arizona,103465,116976,116733,118393,103465,0,122185,137113
2024-03-01,2024,3,Actual,ANALOG-P9,Power Mgmt IC P9,Medium,FAB3-SG,Fab 3 - Singapore,91529,97480,91224,90221,91529,0,91908,90600
2024-03-01,2024,3,Actual,SENSOR-S2,Sensor IC S2,Medium,FAB1-TW,Fab 1 - Taiwan,88442,87402,95588,93571,88442,0,118118,123246
2024-03-01,2024,3,Actual,SENSOR-S2,Sensor IC S2,Medium,FAB2-AZ,Fab 2 - Arizona,56508,58268,61800,63483,56508,0,68406,75382
2024-03-01,2024,3,Actual,SENSOR-S2,Sensor IC S2,Medium,FAB3-SG,Fab 3 - Singapore,47072,48557,48295,47943,47072,0,54391,55262
2024-04-01,2024,4,Actual,MCU-A32,Microcontroller A32,High,FAB1-TW,Fab 1 - Taiwan,214723,199831,225937,220471,214723,0,294119,299867
2024-04-01,2024,4,Actual,MCU-A32,Microcontroller A32,High,FAB2-AZ,Fab 2 - Arizona,145045,133220,147083,147093,145045,0,172045,174093
2024-04-01,2024,4,Actual,MCU-A32,Microcontroller A32,High,FAB3-SG,Fab 3 - Singapore,124192,111017,113928,114568,124192,0,121564,111941
2024-04-01,2024,4,Actual,MEM-D4,DRAM Memory D4,High,FAB1-TW,Fab 1 - Taiwan,329250,294473,328147,330268,329250,0,415694,416712
2024-04-01,2024,4,Actual,MEM-D4,DRAM Memory D4,High,FAB2-AZ,Fab 2 - Arizona,227720,196315,213621,206440,227720,0,246092,224812
2024-04-01,2024,4,Actual,MEM-D4,DRAM Memory D4,High,FAB3-SG,Fab 3 - Singapore,186997,163596,165467,167424,186997,0,173419,153846
2024-04-01,2024,4,Actual,LOGIC-X7,Logic IC X7,Critical,FAB1-TW,Fab 1 - Taiwan,142878,140283,139866,138407,142878,0,153864,149393
2024-04-01,2024,4,Actual,LOGIC-X7,Logic IC X7,Critical,FAB2-AZ,Fab 2 - Arizona,92777,93522,91052,91408,92777,0,87841,86472
2024-04-01,2024,4,Actual,LOGIC-X7,Logic IC X7,Critical,FAB3-SG,Fab 3 - Singapore,78990,77935,70527,72643,78990,0,69832,63485
2024-04-01,2024,4,Actual,ANALOG-P9,Power Mgmt IC P9,Medium,FAB1-TW,Fab 1 - Taiwan,162515,174193,182902,181455,162515,0,218073,237013
2024-04-01,2024,4,Actual,ANALOG-P9,Power Mgmt IC P9,Medium,FAB2-AZ,Fab 2 - Arizona,112437,116129,119068,121030,112437,0,137113,145705
2024-04-01,2024,4,Actual,ANALOG-P9,Power Mgmt IC P9,Medium,FAB3-SG,Fab 3 - Singapore,95911,96774,92228,92146,95911,0,90600,86836
2024-04-01,2024,4,Actual,SENSOR-S2,Sensor IC S2,Medium,FAB1-TW,Fab 1 - Taiwan,89175,93957,96830,97782,89175,0,123246,131854
2024-04-01,2024,4,Actual,SENSOR-S2,Sensor IC S2,Medium,FAB2-AZ,Fab 2 - Arizona,58017,62638,63036,64465,58017,0,75382,81829
2024-04-01,2024,4,Actual,SENSOR-S2,Sensor IC S2,Medium,FAB3-SG,Fab 3 - Singapore,49121,52198,48826,49510,49121,0,55262,55651
2024-05-01,2024,5,Actual,MCU-A32,Microcontroller A32,High,FAB1-TW,Fab 1 - Taiwan,228679,224301,228875,235741,228679,0,299867,306929
2024-05-01,2024,5,Actual,MCU-A32,Microcontroller A32,High,FAB2-AZ,Fab 2 - Arizona,152323,149534,150025,149137,152323,0,174093,170907
2024-05-01,2024,5,Actual,MCU-A32,Microcontroller A32,High,FAB3-SG,Fab 3 - Singapore,126603,124611,115182,118597,126603,0,111941,103935
2024-05-01,2024,5,Actual,MEM-D4,DRAM Memory D4,High,FAB1-TW,Fab 1 - Taiwan,332861,332149,332413,329003,332861,0,416712,412855
2024-05-01,2024,5,Actual,MEM-D4,DRAM Memory D4,High,FAB2-AZ,Fab 2 - Arizona,209241,221432,217894,219198,209241,0,224812,234770
2024-05-01,2024,5,Actual,MEM-D4,DRAM Memory D4,High,FAB3-SG,Fab 3 - Singapore,181433,184527,167288,165253,181433,0,153846,137666
2024-05-01,2024,5,Actual,LOGIC-X7,Logic IC X7,Critical,FAB1-TW,Fab 1 - Taiwan,141024,143872,141684,143153,141024,0,149393,151522
2024-05-01,2024,5,Actual,LOGIC-X7,Logic IC X7,Critical,FAB2-AZ,Fab 2 - Arizona,95548,95914,92873,90118,95548,0,86472,81041
2024-05-01,2024,5,Actual,LOGIC-X7,Logic IC X7,Critical,FAB3-SG,Fab 3 - Singapore,80661,79929,71303,71238,80661,0,63485,54062
2024-05-01,2024,5,Actual,ANALOG-P9,Power Mgmt IC P9,Medium,FAB1-TW,Fab 1 - Taiwan,171915,179384,185279,183139,171915,0,237013,248237
2024-05-01,2024,5,Actual,ANALOG-P9,Power Mgmt IC P9,Medium,FAB2-AZ,Fab 2 - Arizona,114411,119589,121449,123914,114411,0,145705,155209
2024-05-01,2024,5,Actual,ANALOG-P9,Power Mgmt IC P9,Medium,FAB3-SG,Fab 3 - Singapore,93237,99658,93242,93953,93237,0,86836,87551
2024-05-01,2024,5,Actual,SENSOR-S2,Sensor IC S2,Medium,FAB1-TW,Fab 1 - Taiwan,90537,104684,98089,99453,90537,0,131854,140770
2024-05-01,2024,5,Actual,SENSOR-S2,Sensor IC S2,Medium,FAB2-AZ,Fab 2 - Arizona,62309,69789,64296,64168,62309,0,81829,83688
2024-05-01,2024,5,Actual,SENSOR-S2,Sensor IC S2,Medium,FAB3-SG,Fab 3 - Singapore,54231,58158,49364,49355,54231,0,55651,50776
2024-06-01,2024,6,Actual,MCU-A32,Microcontroller A32,High,FAB1-TW,Fab 1 - Taiwan,234625,211271,231850,207907,234625,0,306929,280211
2024-06-01,2024,6,Actual,MCU-A32,Microcontroller A32,High,FAB2-AZ,Fab 2 - Arizona,153182,140847,153026,138757,153182,0,170907,156481
2024-06-01,2024,6,Actual,MCU-A32,Microcontroller A32,High,FAB3-SG,Fab 3 - Singapore,128709,117373,116449,105886,128709,0,103935,81112
2024-06-01,2024,6,Actual,MEM-D4,DRAM Memory D4,High,FAB1-TW,Fab 1 - Taiwan,298427,355607,336734,315585,298427,0,412855,430012
2024-06-01,2024,6,Actual,MEM-D4,DRAM Memory D4,High,FAB2-AZ,Fab 2 - Arizona,195597,237071,222251,202454,195597,0,234770,241626
2024-06-01,2024,6,Actual,MEM-D4,DRAM Memory D4,High,FAB3-SG,Fab 3 - Singapore,176878,197559,169128,150502,176878,0,137666,111290
2024-06-01,2024,6,Actual,LOGIC-X7,Logic IC X7,Critical,FAB1-TW,Fab 1 - Taiwan,133762,136007,143526,131783,133762,0,151522,149543
2024-06-01,2024,6,Actual,LOGIC-X7,Logic IC X7,Critical,FAB2-AZ,Fab 2 - Arizona,90620,90671,94730,85349,90620,0,81041,75770
2024-06-01,2024,6,Actual,LOGIC-X7,Logic IC X7,Critical,FAB3-SG,Fab 3 - Singapore,71257,75559,72087,64716,71257,0,54062,47521
2024-06-01,2024,6,Actual,ANALOG-P9,Power Mgmt IC P9,Medium,FAB1-TW,Fab 1 - Taiwan,173610,177197,187688,169855,173610,0,248237,244482
2024-06-01,2024,6,Actual,ANALOG-P9,Power Mgmt IC P9,Medium,FAB2-AZ,Fab 2 - Arizona,123823,118131,123878,116958,123823,0,155209,148344
2024-06-01,2024,6,Actual,ANALOG-P9,Power Mgmt IC P9,Medium,FAB3-SG,Fab 3 - Singapore,101506,98443,94268,85899,101506,0,87551,71944
2024-06-01,2024,6,Actual,SENSOR-S2,Sensor IC S2,Medium,FAB1-TW,Fab 1 - Taiwan,89539,89572,99364,90892,89539,0,140770,142123
2024-06-01,2024,6,Actual,SENSOR-S2,Sensor IC S2,Medium,FAB2-AZ,Fab 2 - Arizona,60329,59715,65582,58825,60329,0,83688,82184
2024-06-01,2024,6,Actual,SENSOR-S2,Sensor IC S2,Medium,FAB3-SG,Fab 3 - Singapore,48552,49762,49907,44493,48552,0,50776,46717
2024-07-01,2024,7,Actual,MCU-A32,Microcontroller A32,High,FAB1-TW,Fab 1 - Taiwan,191174,215623,234864,200014,191174,0,280211,289052
2024-07-01,2024,7,Actual,MCU-A32,Microcontroller A32,High,FAB2-AZ,Fab 2 - Arizona,134831,143749,156086,137891,134831,0,156481,159541
2024-07-01,2024,7,Actual,MCU-A32,Microcontroller A32,High,FAB3-SG,Fab 3 - Singapore,111516,119791,117730,102955,111516,0,81112,72551
2024-07-01,2024,7,Actual,MEM-D4,DRAM Memory D4,High,FAB1-TW,Fab 1 - Taiwan,305844,302714,341112,301379,305844,0,430012,425548
2024-07-01,2024,7,Actual,MEM-D4,DRAM Memory D4,High,FAB2-AZ,Fab 2 - Arizona,210793,201809,226696,196249,210793,0,241626,227082
2024-07-01,2024,7,Actual,MEM-D4,DRAM Memory D4,High,FAB3-SG,Fab 3 - Singapore,183708,168174,170988,146499,183708,0,111290,74080
2024-07-01,2024,7,Actual,LOGIC-X7,Logic IC X7,Critical,FAB1-TW,Fab 1 - Taiwan,138756,138510,145392,130423,138756,0,149543,141210
2024-07-01,2024,7,Actual,LOGIC-X7,Logic IC X7,Critical,FAB2-AZ,Fab 2 - Arizona,95716,92340,96625,80521,95716,0,75770,60575
2024-07-01,2024,7,Actual,LOGIC-X7,Logic IC X7,Critical,FAB3-SG,Fab 3 - Singapore,76811,76950,72880,63018,76811,0,47521,33728
2024-07-01,2024,7,Actual,ANALOG-P9,Power Mgmt IC P9,Medium,FAB1-TW,Fab 1 - Taiwan,163942,155840,190128,156788,163942,0,244482,237328
2024-07-01,2024,7,Actual,ANALOG-P9,Power Mgmt IC P9,Medium,FAB2-AZ,Fab 2 - Arizona,114295,103893,126355,108105,114295,0,148344,142153
2024-07-01,2024,7,Actual,ANALOG-P9,Power Mgmt IC P9,Medium,FAB3-SG,Fab 3 - Singapore,96040,86578,95305,80450,96040,0,71944,56354
2024-07-01,2024,7,Actual,SENSOR-S2,Sensor IC S2,Medium,FAB1-TW,Fab 1 - Taiwan,87291,81437,100656,86934,87291,0,142123,141767
2024-07-01,2024,7,Actual,SENSOR-S2,Sensor IC S2,Medium,FAB2-AZ,Fab 2 - Arizona,58961,54292,66894,58257,58961,0,82184,81480
2024-07-01,2024,7,Actual,SENSOR-S2,Sensor IC S2,Medium,FAB3-SG,Fab 3 - Singapore,47994,45243,50456,44424,47994,0,46717,43147
2024-08-01,2024,8,Actual,MCU-A32,Microcontroller A32,High,FAB1-TW,Fab 1 - Taiwan,195454,191900,237917,193889,195454,0,289052,287487
2024-08-01,2024,8,Actual,MCU-A32,Microcontroller A32,High,FAB2-AZ,Fab 2 - Arizona,125970,127934,159208,131692,125970,0,159541,165262
2024-08-01,2024,8,Actual,MCU-A32,Microcontroller A32,High,FAB3-SG,Fab 3 - Singapore,110276,106611,119025,97435,110276,0,72551,59709
2024-08-01,2024,8,Actual,MEM-D4,DRAM Memory D4,High,FAB1-TW,Fab 1 - Taiwan,303028,306061,345546,285152,303028,0,425548,407672
2024-08-01,2024,8,Actual,MEM-D4,DRAM Memory D4,High,FAB2-AZ,Fab 2 - Arizona,193329,204041,231230,188415,193329,0,227082,222167
2024-08-01,2024,8,Actual,MEM-D4,DRAM Memory D4,High,FAB3-SG,Fab 3 - Singapore,162533,170034,172869,138940,162533,0,74080,50488
2024-08-01,2024,8,Actual,LOGIC-X7,Logic IC X7,Critical,FAB1-TW,Fab 1 - Taiwan,134979,131150,147282,123739,134979,0,141210,129970
2024-08-01,2024,8,Actual,LOGIC-X7,Logic IC X7,Critical,FAB2-AZ,Fab 2 - Arizona,88579,87433,98557,80110,88579,0,60575,52106
2024-08-01,2024,8,Actual,LOGIC-X7,Logic IC X7,Critical,FAB3-SG,Fab 3 - Singapore,73289,72861,73682,59373,73289,0,33728,19811
2024-08-01,2024,8,Actual,ANALOG-P9,Power Mgmt IC P9,Medium,FAB1-TW,Fab 1 - Taiwan,157711,161753,192600,165166,157711,0,237328,244783
2024-08-01,2024,8,Actual,ANALOG-P9,Power Mgmt IC P9,Medium,FAB2-AZ,Fab 2 - Arizona,107989,107835,128883,102231,107989,0,142153,136395
2024-08-01,2024,8,Actual,ANALOG-P9,Power Mgmt IC P9,Medium,FAB3-SG,Fab 3 - Singapore,89965,89863,96353,78804,89965,0,56354,45194
2024-08-01,2024,8,Actual,SENSOR-S2,Sensor IC S2,Medium,FAB1-TW,Fab 1 - Taiwan,86921,88251,101964,80650,86921,0,141767,135496
2024-08-01,2024,8,Actual,SENSOR-S2,Sensor IC S2,Medium,FAB2-AZ,Fab 2 - Arizona,56166,58834,68232,57133,56166,0,81480,82447
2024-08-01,2024,8,Actual,SENSOR-S2,Sensor IC S2,Medium,FAB3-SG,Fab 3 - Singapore,49162,49029,51011,43664,49162,0,43147,37649
2024-09-01,2024,9,Actual,MCU-A32,Microcontroller A32,High,FAB1-TW,Fab 1 - Taiwan,202785,168549,241010,191118,202785,0,287487,275819
2024-09-01,2024,9,Actual,MCU-A32,Microcontroller A32,High,FAB2-AZ,Fab 2 - Arizona,137438,112366,162392,134585,137438,0,165262,162409
2024-09-01,2024,9,Actual,MCU-A32,Microcontroller A32,High,FAB3-SG,Fab 3 - Singapore,108419,93638,120334,103215,108419,0,59709,54505
2024-09-01,2024,9,Actual,MEM-D4,DRAM Memory D4,High,FAB1-TW,Fab 1 - Taiwan,294284,259064,350038,284417,294284,0,407672,397805
2024-09-01,2024,9,Actual,MEM-D4,DRAM Memory D4,High,FAB2-AZ,Fab 2 - Arizona,195479,172709,235855,192674,195479,0,222167,219363
2024-09-01,2024,9,Actual,MEM-D4,DRAM Memory D4,High,FAB3-SG,Fab 3 - Singapore,167002,143924,174771,140012,167002,0,50488,23497
2024-09-01,2024,9,Actual,LOGIC-X7,Logic IC X7,Critical,FAB1-TW,Fab 1 - Taiwan,124171,136199,149197,123544,124171,0,129970,129343
2024-09-01,2024,9,Actual,LOGIC-X7,Logic IC X7,Critical,FAB2-AZ,Fab 2 - Arizona,84513,90799,100528,81751,84513,0,52106,49345
2024-09-01,2024,9,Actual,LOGIC-X7,Logic IC X7,Critical,FAB3-SG,Fab 3 - Singapore,71053,75666,74492,61545,71053,0,19811,10303
2024-09-01,2024,9,Actual,ANALOG-P9,Power Mgmt IC P9,Medium,FAB1-TW,Fab 1 - Taiwan,147022,162861,195103,160342,147022,0,244783,258104
2024-09-01,2024,9,Actual,ANALOG-P9,Power Mgmt IC P9,Medium,FAB2-AZ,Fab 2 - Arizona,95258,108574,131460,106700,95258,0,136395,147837
2024-09-01,2024,9,Actual,ANALOG-P9,Power Mgmt IC P9,Medium,FAB3-SG,Fab 3 - Singapore,82385,90478,97413,80090,82385,0,45194,42899
2024-09-01,2024,9,Actual,SENSOR-S2,Sensor IC S2,Medium,FAB1-TW,Fab 1 - Taiwan,84138,81044,103290,84974,84138,0,135496,136332
2024-09-01,2024,9,Actual,SENSOR-S2,Sensor IC S2,Medium,FAB2-AZ,Fab 2 - Arizona,56255,54029,69597,57178,56255,0,82447,83369
2024-09-01,2024,9,Actual,SENSOR-S2,Sensor IC S2,Medium,FAB3-SG,Fab 3 - Singapore,46940,45024,51572,43097,46940,0,37649,33806
2024-10-01,2024,10,Actual,MCU-A32,Microcontroller A32,High,FAB1-TW,Fab 1 - Taiwan,176219,172580,244143,206211,176219,0,275819,305811
2024-10-01,2024,10,Actual,MCU-A32,Microcontroller A32,High,FAB2-AZ,Fab 2 - Arizona,117373,115053,165640,144467,117373,0,162409,189504
2024-10-01,2024,10,Actual,MCU-A32,Microcontroller A32,High,FAB3-SG,Fab 3 - Singapore,99682,95878,121658,107576,99682,0,54505,62399
2024-10-01,2024,10,Actual,MEM-D4,DRAM Memory D4,High,FAB1-TW,Fab 1 - Taiwan,289100,276629,354589,301681,289100,0,397805,410386
2024-10-01,2024,10,Actual,MEM-D4,DRAM Memory D4,High,FAB2-AZ,Fab 2 - Arizona,198591,184420,240572,200110,198591,0,219363,220882
2024-10-01,2024,10,Actual,MEM-D4,DRAM Memory D4,High,FAB3-SG,Fab 3 - Singapore,164912,153683,176693,152354,164912,0,23497,10939
2024-10-01,2024,10,Actual,LOGIC-X7,Logic IC X7,Critical,FAB1-TW,Fab 1 - Taiwan,117191,116295,151136,134204,117191,0,129343,146357
2024-10-01,2024,10,Actual,LOGIC-X7,Logic IC X7,Critical,FAB2-AZ,Fab 2 - Arizona,79078,77530,102539,86451,79078,0,49345,56718
2024-10-01,2024,10,Actual,LOGIC-X7,Logic IC X7,Critical,FAB3-SG,Fab 3 - Singapore,65616,64608,75312,65800,65616,0,10303,10487
2024-10-01,2024,10,Actual,ANALOG-P9,Power Mgmt IC P9,Medium,FAB1-TW,Fab 1 - Taiwan,141995,146849,197640,171982,141995,0,258104,288090
2024-10-01,2024,10,Actual,ANALOG-P9,Power Mgmt IC P9,Medium,FAB2-AZ,Fab 2 - Arizona,95917,97899,134089,113693,95917,0,147837,165613
2024-10-01,2024,10,Actual,ANALOG-P9,Power Mgmt IC P9,Medium,FAB3-SG,Fab 3 - Singapore,79516,81583,98485,83095,79516,0,42899,46478
2024-10-01,2024,10,Actual,SENSOR-S2,Sensor IC S2,Medium,FAB1-TW,Fab 1 - Taiwan,78862,83383,104633,89709,78862,0,136332,147179
2024-10-01,2024,10,Actual,SENSOR-S2,Sensor IC S2,Medium,FAB2-AZ,Fab 2 - Arizona,50491,55589,70988,61544,50491,0,83369,94423
2024-10-01,2024,10,Actual,SENSOR-S2,Sensor IC S2,Medium,FAB3-SG,Fab 3 - Singapore,42560,46324,52139,43874,42560,0,33806,35121
2024-11-01,2024,11,Actual,MCU-A32,Microcontroller A32,High,FAB1-TW,Fab 1 - Taiwan,166897,180534,247317,225592,166897,0,305811,364506
2024-11-01,2024,11,Actual,MCU-A32,Microcontroller A32,High,FAB2-AZ,Fab 2 - Arizona,116598,120356,168953,151219,116598,0,189504,224124
2024-11-01,2024,11,Actual,MCU-A32,Microcontroller A32,High,FAB3-SG,Fab 3 - Singapore,98836,100297,122996,112750,98836,0,62399,76313
2024-11-01,2024,11,Actual,MEM-D4,DRAM Memory D4,High,FAB1-TW,Fab 1 - Taiwan,272773,265657,359199,315435,272773,0,410386,453048
2024-11-01,2024,11,Actual,MEM-D4,DRAM Memory D4,High,FAB2-AZ,Fab 2 - Arizona,178162,177105,245384,219420,178162,0,220882,262140
2024-11-01,2024,11,Actual,MEM-D4,DRAM Memory D4,High,FAB3-SG,Fab 3 - Singapore,149671,147587,178637,162461,149671,0,10939,23728
2024-11-01,2024,11,Actual,LOGIC-X7,Logic IC X7,Critical,FAB1-TW,Fab 1 - Taiwan,121378,127519,153101,137778,121378,0,146357,162757
2024-11-01,2024,11,Actual,LOGIC-X7,Logic IC X7,Critical,FAB2-AZ,Fab 2 - Arizona,78601,85013,104590,96086,78601,0,56718,74204
2024-11-01,2024,11,Actual,LOGIC-X7,Logic IC X7,Critical,FAB3-SG,Fab 3 - Singapore,67835,70844,76140,70955,67835,0,10487,13607
2024-11-01,2024,11,Actual,ANALOG-P9,Power Mgmt IC P9,Medium,FAB1-TW,Fab 1 - Taiwan,137661,141712,200209,180996,137661,0,288090,331425
2024-11-01,2024,11,Actual,ANALOG-P9,Power Mgmt IC P9,Medium,FAB2-AZ,Fab 2 - Arizona,91901,94475,136771,119616,91901,0,165613,193328
2024-11-01,2024,11,Actual,ANALOG-P9,Power Mgmt IC P9,Medium,FAB3-SG,Fab 3 - Singapore,77832,78729,99568,91349,77832,0,46478,59996
2024-11-01,2024,11,Actual,SENSOR-S2,Sensor IC S2,Medium,FAB1-TW,Fab 1 - Taiwan,80529,86730,105993,95920,80529,0,147179,162571
2024-11-01,2024,11,Actual,SENSOR-S2,Sensor IC S2,Medium,FAB2-AZ,Fab 2 - Arizona,54041,57820,72408,68122,54041,0,94423,108503
2024-11-01,2024,11,Actual,SENSOR-S2,Sensor IC S2,Medium,FAB3-SG,Fab 3 - Singapore,43467,48184,52712,48201,43467,0,35121,39856
2024-12-01,2024,12,Actual,MCU-A32,Microcontroller A32,High,FAB1-TW,Fab 1 - Taiwan,166441,159261,250532,243609,166441,0,364506,441673
2024-12-01,2024,12,Actual,MCU-A32,Microcontroller A32,High,FAB2-AZ,Fab 2 - Arizona,118107,106174,172332,169339,118107,0,224124,275356
2024-12-01,2024,12,Actual,MCU-A32,Microcontroller A32,High,FAB3-SG,Fab 3 - Singapore,95924,88479,124349,121455,95924,0,76313,101844
2024-12-01,2024,12,Actual,MEM-D4,DRAM Memory D4,High,FAB1-TW,Fab 1 - Taiwan,297219,267903,363868,356641,297219,0,453048,512470
2024-12-01,2024,12,Actual,MEM-D4,DRAM Memory D4,High,FAB2-AZ,Fab 2 - Arizona,190105,178602,250291,250906,190105,0,262140,322940
2024-12-01,2024,12,Actual,MEM-D4,DRAM Memory D4,High,FAB3-SG,Fab 3 - Singapore,160962,148835,180602,185748,160962,0,23728,48514
2024-12-01,2024,12,Actual,LOGIC-X7,Logic IC X7,Critical,FAB1-TW,Fab 1 - Taiwan,123964,117303,155091,153315,123964,0,162757,192108
2024-12-01,2024,12,Actual,LOGIC-X7,Logic IC X7,Critical,FAB2-AZ,Fab 2 - Arizona,84791,78202,106682,107500,84791,0,74204,96913
2024-12-01,2024,12,Actual,LOGIC-X7,Logic IC X7,Critical,FAB3-SG,Fab 3 - Singapore,69483,65168,76978,78317,69483,0,13607,22440
2024-12-01,2024,12,Actual,ANALOG-P9,Power Mgmt IC P9,Medium,FAB1-TW,Fab 1 - Taiwan,142667,143845,202812,208896,142667,0,331425,397655
2024-12-01,2024,12,Actual,ANALOG-P9,Power Mgmt IC P9,Medium,FAB2-AZ,Fab 2 - Arizona,94582,95897,139507,138528,94582,0,193328,237274
2024-12-01,2024,12,Actual,ANALOG-P9,Power Mgmt IC P9,Medium,FAB3-SG,Fab 3 - Singapore,77322,79914,100663,102044,77322,0,59996,84718
2024-12-01,2024,12,Actual,SENSOR-S2,Sensor IC S2,Medium,FAB1-TW,Fab 1 - Taiwan,75469,81477,107371,109611,75469,0,162571,196713
2024-12-01,2024,12,Actual,SENSOR-S2,Sensor IC S2,Medium,FAB2-AZ,Fab 2 - Arizona,50909,54318,73856,72708,50909,0,108503,130303
2024-12-01,2024,12,Actual,SENSOR-S2,Sensor IC S2,Medium,FAB3-SG,Fab 3 - Singapore,44508,45265,53292,51870,44508,0,39856,47218
2025-01-01,2025,1,Actual,MCU-A32,Microcontroller A32,High,FAB1-TW,Fab 1 - Taiwan,188787,193889,253789,260606,188787,0,441673,513492
2025-01-01,2025,1,Actual,MCU-A32,Microcontroller A32,High,FAB2-AZ,Fab 2 - Arizona,132272,129259,175778,168847,132272,0,275356,311931
2025-01-01,2025,1,Actual,MCU-A32,Microcontroller A32,High,FAB3-SG,Fab 3 - Singapore,103918,107716,125717,127749,103918,0,101844,125675
2025-01-01,2025,1,Actual,MEM-D4,DRAM Memory D4,High,FAB1-TW,Fab 1 - Taiwan,288294,295435,368598,373699,288294,0,512470,597875
2025-01-01,2025,1,Actual,MEM-D4,DRAM Memory D4,High,FAB2-AZ,Fab 2 - Arizona,190843,196956,255297,255783,190843,0,322940,387881
2025-01-01,2025,1,Actual,MEM-D4,DRAM Memory D4,High,FAB3-SG,Fab 3 - Singapore,157268,164130,182588,187308,157268,0,48514,78555
2025-01-01,2025,1,Actual,LOGIC-X7,Logic IC X7,Critical,FAB1-TW,Fab 1 - Taiwan,129413,135317,157108,157442,129413,0,192108,220137
2025-01-01,2025,1,Actual,LOGIC-X7,Logic IC X7,Critical,FAB2-AZ,Fab 2 - Arizona,86874,90212,108815,108462,86874,0,96913,118501
2025-01-01,2025,1,Actual,LOGIC-X7,Logic IC X7,Critical,FAB3-SG,Fab 3 - Singapore,71166,75176,77825,79064,71166,0,22440,30338
2025-01-01,2025,1,Actual,ANALOG-P9,Power Mgmt IC P9,Medium,FAB1-TW,Fab 1 - Taiwan,162594,154547,205448,208892,162594,0,397655,443952
2025-01-01,2025,1,Actual,ANALOG-P9,Power Mgmt IC P9,Medium,FAB2-AZ,Fab 2 - Arizona,108814,103031,142297,143160,108814,0,237274,271620
2025-01-01,2025,1,Actual,ANALOG-P9,Power Mgmt IC P9,Medium,FAB3-SG,Fab 3 - Singapore,89404,85859,101771,103529,89404,0,84718,98843
2025-01-01,2025,1,Actual,SENSOR-S2,Sensor IC S2,Medium,FAB1-TW,Fab 1 - Taiwan,85027,80654,108767,104659,85027,0,196713,216344
2025-01-01,2025,1,Actual,SENSOR-S2,Sensor IC S2,Medium,FAB2-AZ,Fab 2 - Arizona,56651,53769,75334,75956,56651,0,130303,149608
2025-01-01,2025,1,Actual,SENSOR-S2,Sensor IC S2,Medium,FAB3-SG,Fab 3 - Singapore,48382,44808,53879,54042,48382,0,47218,52877
2025-02-01,2025,2,Actual,MCU-A32,Microcontroller A32,High,FAB1-TW,Fab 1 - Taiwan,209289,206935,257088,249831,209289,0,513492,554034
2025-02-01,2025,2,Actual,MCU-A32,Microcontroller A32,High,FAB2-AZ,Fab 2 - Arizona,139679,137956,179294,174395,139679,0,311931,346647
2025-02-01,2025,2,Actual,MCU-A32,Microcontroller A32,High,FAB3-SG,Fab 3 - Singapore,120206,114964,127099,126572,120206,0,125675,132041
2025-02-01,2025,2,Actual,MEM-D4,DRAM Memory D4,High,FAB1-TW,Fab 1 - Taiwan,339605,327346,373390,381308,339605,0,597875,639578
2025-02-01,2025,2,Actual,MEM-D4,DRAM Memory D4,High,FAB2-AZ,Fab 2 - Arizona,218910,218230,260403,258974,218910,0,387881,427945
2025-02-01,2025,2,Actual,MEM-D4,DRAM Memory D4,High,FAB3-SG,Fab 3 - Singapore,182841,181859,184597,178611,182841,0,78555,74325
2025-02-01,2025,2,Actual,LOGIC-X7,Logic IC X7,Critical,FAB1-TW,Fab 1 - Taiwan,147857,153049,159150,157580,147857,0,220137,229860
2025-02-01,2025,2,Actual,LOGIC-X7,Logic IC X7,Critical,FAB2-AZ,Fab 2 - Arizona,100735,102033,110991,105786,100735,0,118501,123552
2025-02-01,2025,2,Actual,LOGIC-X7,Logic IC X7,Critical,FAB3-SG,Fab 3 - Singapore,82445,85027,78681,78906,82445,0,30338,26799
2025-02-01,2025,2,Actual,ANALOG-P9,Power Mgmt IC P9,Medium,FAB1-TW,Fab 1 - Taiwan,163093,174608,208119,207032,163093,0,443952,487891
2025-02-01,2025,2,Actual,ANALOG-P9,Power Mgmt IC P9,Medium,FAB2-AZ,Fab 2 - Arizona,106473,116405,145143,144016,106473,0,271620,309163
2025-02-01,2025,2,Actual,ANALOG-P9,Power Mgmt IC P9,Medium,FAB3-SG,Fab 3 - Singapore,87971,97004,102890,100198,87971,0,98843,111070
2025-02-01,2025,2,Actual,SENSOR-S2,Sensor IC S2,Medium,FAB1-TW,Fab 1 - Taiwan,96924,95684,110181,107769,96924,0,216344,227189
2025-02-01,2025,2,Actual,SENSOR-S2,Sensor IC S2,Medium,FAB2-AZ,Fab 2 - Arizona,66248,63789,76840,79145,66248,0,149608,162506
2025-02-01,2025,2,Actual,SENSOR-S2,Sensor IC S2,Medium,FAB3-SG,Fab 3 - Singapore,53200,53158,54471,53486,53200,0,52877,53163
2025-03-01,2025,3,Actual,MCU-A32,Microcontroller A32,High,FAB1-TW,Fab 1 - Taiwan,210282,225515,260431,260252,210282,0,554034,604004
2025-03-01,2025,3,Actual,MCU-A32,Microcontroller A32,High,FAB2-AZ,Fab 2 - Arizona,145905,150343,182880,177368,145905,0,346647,378110
2025-03-01,2025,3,Actual,MCU-A32,Microcontroller A32,High,FAB3-SG,Fab 3 - Singapore,123770,125286,128498,132352,123770,0,132041,140624
2025-03-01,2025,3,Actual,MEM-D4,DRAM Memory D4,High,FAB1-TW,Fab 1 - Taiwan,334641,326916,378244,370444,334641,0,639578,675380
2025-03-01,2025,3,Actual,MEM-D4,DRAM Memory D4,High,FAB2-AZ,Fab 2 - Arizona,223183,217944,265611,251899,223183,0,427945,456662
2025-03-01,2025,3,Actual,MEM-D4,DRAM Memory D4,High,FAB3-SG,Fab 3 - Singapore,186116,181620,186627,192226,186116,0,74325,80434
2025-03-01,2025,3,Actual,LOGIC-X7,Logic IC X7,Critical,FAB1-TW,Fab 1 - Taiwan,145696,154143,161219,163277,145696,0,229860,247441
2025-03-01,2025,3,Actual,LOGIC-X7,Logic IC X7,Critical,FAB2-AZ,Fab 2 - Arizona,99662,102762,113211,116608,99662,0,123552,140498
2025-03-01,2025,3,Actual,LOGIC-X7,Logic IC X7,Critical,FAB3-SG,Fab 3 - Singapore,83773,85635,79546,78954,83773,0,26799,21981
2025-03-01,2025,3,Actual,ANALOG-P9,Power Mgmt IC P9,Medium,FAB1-TW,Fab 1 - Taiwan,172510,169507,210825,212098,172510,0,487891,527478
2025-03-01,2025,3,Actual,ANALOG-P9,Power Mgmt IC P9,Medium,FAB2-AZ,Fab 2 - Arizona,117759,113005,148046,148538,117759,0,309163,339942
2025-03-01,2025,3,Actual,ANALOG-P9,Power Mgmt IC P9,Medium,FAB3-SG,Fab 3 - Singapore,99216,94171,104022,102960,99216,0,111070,114813
2025-03-01,2025,3,Actual,SENSOR-S2,Sensor IC S2,Medium,FAB1-TW,Fab 1 - Taiwan,96582,105791,111613,114961,96582,0,227189,245568
2025-03-01,2025,3,Actual,SENSOR-S2,Sensor IC S2,Medium,FAB2-AZ,Fab 2 - Arizona,65527,70528,78377,77175,65527,0,162506,174153
2025-03-01,2025,3,Actual,SENSOR-S2,Sensor IC S2,Medium,FAB3-SG,Fab 3 - Singapore,57536,58773,55070,55241,57536,0,53163,50868
2025-04-01,2025,4,Actual,MCU-A32,Microcontroller A32,High,FAB1-TW,Fab 1 - Taiwan,234607,241126,263816,264454,234607,0,604004,633851
2025-04-01,2025,4,Actual,MCU-A32,Microcontroller A32,High,FAB2-AZ,Fab 2 - Arizona,160144,160750,186537,181531,160144,0,378110,399498
2025-04-01,2025,4,Actual,MCU-A32,Microcontroller A32,High,FAB3-SG,Fab 3 - Singapore,130091,133959,129911,130177,130091,0,140624,140709
2025-04-01,2025,4,Actual,MEM-D4,DRAM Memory D4,High,FAB1-TW,Fab 1 - Taiwan,378149,380056,383162,377042,378149,0,675380,674274
2025-04-01,2025,4,Actual,MEM-D4,DRAM Memory D4,High,FAB2-AZ,Fab 2 - Arizona,248644,253371,270923,267915,248644,0,456662,475933
2025-04-01,2025,4,Actual,MEM-D4,DRAM Memory D4,High,FAB3-SG,Fab 3 - Singapore,207008,211142,188680,187913,207008,0,80434,61339
2025-04-01,2025,4,Actual,LOGIC-X7,Logic IC X7,Critical,FAB1-TW,Fab 1 - Taiwan,165191,158653,163315,160831,165191,0,247441,243082
2025-04-01,2025,4,Actual,LOGIC-X7,Logic IC X7,Critical,FAB2-AZ,Fab 2 - Arizona,110631,105769,115476,116647,110631,0,140498,146513
2025-04-01,2025,4,Actual,LOGIC-X7,Logic IC X7,Critical,FAB3-SG,Fab 3 - Singapore,92529,88141,80421,81181,92529,0,21981,10632
2025-04-01,2025,4,Actual,ANALOG-P9,Power Mgmt IC P9,Medium,FAB1-TW,Fab 1 - Taiwan,172446,178574,213565,216304,172446,0,527478,571337
2025-04-01,2025,4,Actual,ANALOG-P9,Power Mgmt IC P9,Medium,FAB2-AZ,Fab 2 - Arizona,110677,119050,151006,151487,110677,0,339942,380752
2025-04-01,2025,4,Actual,ANALOG-P9,Power Mgmt IC P9,Medium,FAB3-SG,Fab 3 - Singapore,97575,99208,105166,104790,97575,0,114813,122029
2025-04-01,2025,4,Actual,SENSOR-S2,Sensor IC S2,Medium,FAB1-TW,Fab 1 - Taiwan,102445,104584,113064,114590,102445,0,245568,257713
2025-04-01,2025,4,Actual,SENSOR-S2,Sensor IC S2,Medium,FAB2-AZ,Fab 2 - Arizona,68059,69723,79945,80188,68059,0,174153,186283
2025-04-01,2025,4,Actual,SENSOR-S2,Sensor IC S2,Medium,FAB3-SG,Fab 3 - Singapore,55748,58102,55676,55486,55748,0,50868,50607
2025-05-01,2025,5,Actual,MCU-A32,Microcontroller A32,High,FAB1-TW,Fab 1 - Taiwan,246222,234258,267246,264619,246222,0,633851,652248
2025-05-01,2025,5,Actual,MCU-A32,Microcontroller A32,High,FAB2-AZ,Fab 2 - Arizona,167296,156172,190268,187016,167296,0,399498,419217
2025-05-01,2025,5,Actual,MCU-A32,Microcontroller A32,High,FAB3-SG,Fab 3 - Singapore,139752,130144,131340,128879,139752,0,140709,129836
2025-05-01,2025,5,Actual,MEM-D4,DRAM Memory D4,High,FAB1-TW,Fab 1 - Taiwan,371539,388784,388143,390452,371539,0,674274,693187
2025-05-01,2025,5,Actual,MEM-D4,DRAM Memory D4,High,FAB2-AZ,Fab 2 - Arizona,252300,259189,276342,274062,252300,0,475933,497695
2025-05-01,2025,5,Actual,MEM-D4,DRAM Memory D4,High,FAB3-SG,Fab 3 - Singapore,207699,215991,190756,187285,207699,0,61339,40925
2025-05-01,2025,5,Actual,LOGIC-X7,Logic IC X7,Critical,FAB1-TW,Fab 1 - Taiwan,181475,177408,165438,166059,181475,0,243082,227667
2025-05-01,2025,5,Actual,LOGIC-X7,Logic IC X7,Critical,FAB2-AZ,Fab 2 - Arizona,117818,118272,117785,117014,117818,0,146513,145709
2025-05-01,2025,5,Actual,LOGIC-X7,Logic IC X7,Critical,FAB3-SG,Fab 3 - Singapore,100750,98560,81306,81275,91907,8843,10632,0
2025-05-01,2025,5,Actual,ANALOG-P9,Power Mgmt IC P9,Medium,FAB1-TW,Fab 1 - Taiwan,187074,172976,216342,213348,187074,0,571337,597611
2025-05-01,2025,5,Actual,ANALOG-P9,Power Mgmt IC P9,Medium,FAB2-AZ,Fab 2 - Arizona,121573,115318,154027,153550,121573,0,380752,412729
2025-05-01,2025,5,Actual,ANALOG-P9,Power Mgmt IC P9,Medium,FAB3-SG,Fab 3 - Singapore,99710,96098,106323,107808,99710,0,122029,130128
2025-05-01,2025,5,Actual,SENSOR-S2,Sensor IC S2,Medium,FAB1-TW,Fab 1 - Taiwan,105683,104424,114534,112368,105683,0,257713,264399
2025-05-01,2025,5,Actual,SENSOR-S2,Sensor IC S2,Medium,FAB2-AZ,Fab 2 - Arizona,71667,69616,81543,77591,71667,0,186283,192207
2025-05-01,2025,5,Actual,SENSOR-S2,Sensor IC S2,Medium,FAB3-SG,Fab 3 - Singapore,60120,58013,56289,57037,60120,0,50607,47524
2025-06-01,2025,6,Actual,MCU-A32,Microcontroller A32,High,FAB1-TW,Fab 1 - Taiwan,233191,229103,270720,272618,233191,0,652248,691675
2025-06-01,2025,6,Actual,MCU-A32,Microcontroller A32,High,FAB2-AZ,Fab 2 - Arizona,158287,152735,194073,194145,158287,0,419217,455075
2025-06-01,2025,6,Actual,MCU-A32,Microcontroller A32,High,FAB3-SG,Fab 3 - Singapore,127300,127279,132785,131560,127300,0,129836,134095
2025-06-01,2025,6,Actual,MEM-D4,DRAM Memory D4,High,FAB1-TW,Fab 1 - Taiwan,385897,415956,393188,384912,385897,0,693187,692202
2025-06-01,2025,6,Actual,MEM-D4,DRAM Memory D4,High,FAB2-AZ,Fab 2 - Arizona,254417,277304,281869,270051,254417,0,497695,513328
2025-06-01,2025,6,Actual,MEM-D4,DRAM Memory D4,High,FAB3-SG,Fab 3 - Singapore,217192,231087,192854,187603,217192,0,40925,11336
2025-06-01,2025,6,Actual,LOGIC-X7,Logic IC X7,Critical,FAB1-TW,Fab 1 - Taiwan,161806,155884,167589,169494,161806,0,227667,235355
2025-06-01,2025,6,Actual,LOGIC-X7,Logic IC X7,Critical,FAB2-AZ,Fab 2 - Arizona,107444,103923,120141,115937,107444,0,145709,154202
2025-06-01,2025,6,Actual,LOGIC-X7,Logic IC X7,Critical,FAB3-SG,Fab 3 - Singapore,92276,86602,82200,81639,81639,10637,0,0
2025-06-01,2025,6,Actual,ANALOG-P9,Power Mgmt IC P9,Medium,FAB1-TW,Fab 1 - Taiwan,186595,190653,219154,213466,186595,0,597611,624482
2025-06-01,2025,6,Actual,ANALOG-P9,Power Mgmt IC P9,Medium,FAB2-AZ,Fab 2 - Arizona,124110,127102,157107,158679,124110,0,412729,447298
2025-06-01,2025,6,Actual,ANALOG-P9,Power Mgmt IC P9,Medium,FAB3-SG,Fab 3 - Singapore,102473,105918,107492,104402,102473,0,130128,132057
2025-06-01,2025,6,Actual,SENSOR-S2,Sensor IC S2,Medium,FAB1-TW,Fab 1 - Taiwan,107263,101967,116023,116060,107263,0,264399,273196
2025-06-01,2025,6,Actual,SENSOR-S2,Sensor IC S2,Medium,FAB2-AZ,Fab 2 - Arizona,73585,67978,83174,83613,73585,0,192207,202235
2025-06-01,2025,6,Actual,SENSOR-S2,Sensor IC S2,Medium,FAB3-SG,Fab 3 - Singapore,59682,56649,56908,57684,59682,0,47524,45526
2025-07-01,2025,7,Actual,MCU-A32,Microcontroller A32,High,FAB1-TW,Fab 1 - Taiwan,247498,242904,274239,268084,247498,0,691675,712261
2025-07-01,2025,7,Actual,MCU-A32,Microcontroller A32,High,FAB2-AZ,Fab 2 - Arizona,175025,161936,197955,193209,175025,0,455075,473260
2025-07-01,2025,7,Actual,MCU-A32,Microcontroller A32,High,FAB3-SG,Fab 3 - Singapore,134664,134946,134245,132366,134664,0,134095,131797
2025-07-01,2025,7,Actual,MEM-D4,DRAM Memory D4,High,FAB1-TW,Fab 1 - Taiwan,387136,384963,398300,400432,387136,0,692202,705498
2025-07-01,2025,7,Actual,MEM-D4,DRAM Memory D4,High,FAB2-AZ,Fab 2 - Arizona,268579,256642,287506,285675,268579,0,513328,530424
2025-07-01,2025,7,Actual,MEM-D4,DRAM Memory D4,High,FAB3-SG,Fab 3 - Singapore,215992,213869,194975,192148,203484,12507,11336,0
2025-07-01,2025,7,Actual,LOGIC-X7,Logic IC X7,Critical,FAB1-TW,Fab 1 - Taiwan,165165,169685,169767,172263,165165,0,235355,242453
2025-07-01,2025,7,Actual,LOGIC-X7,Logic IC X7,Critical,FAB2-AZ,Fab 2 - Arizona,109153,113123,122544,118300,109153,0,154202,163349
2025-07-01,2025,7,Actual,LOGIC-X7,Logic IC X7,Critical,FAB3-SG,Fab 3 - Singapore,91351,94269,83104,85346,85346,6005,0,0
2025-07-01,2025,7,Actual,ANALOG-P9,Power Mgmt IC P9,Medium,FAB1-TW,Fab 1 - Taiwan,175563,198178,222003,216833,175563,0,624482,665752
2025-07-01,2025,7,Actual,ANALOG-P9,Power Mgmt IC P9,Medium,FAB2-AZ,Fab 2 - Arizona,113969,132119,160249,161029,113969,0,447298,494358
2025-07-01,2025,7,Actual,ANALOG-P9,Power Mgmt IC P9,Medium,FAB3-SG,Fab 3 - Singapore,94311,110099,108675,111935,94311,0,132057,149681
2025-07-01,2025,7,Actual,SENSOR-S2,Sensor IC S2,Medium,FAB1-TW,Fab 1 - Taiwan,100231,104321,117531,117274,100231,0,273196,290239
2025-07-01,2025,7,Actual,SENSOR-S2,Sensor IC S2,Medium,FAB2-AZ,Fab 2 - Arizona,63632,69547,84838,84375,63632,0,202235,222978
2025-07-01,2025,7,Actual,SENSOR-S2,Sensor IC S2,Medium,FAB3-SG,Fab 3 - Singapore,54496,57956,57534,58541,54496,0,45526,49572
2025-08-01,2025,8,Actual,MCU-A32,Microcontroller A32,High,FAB1-TW,Fab 1 - Taiwan,216397,200678,277804,274063,216397,0,712261,769927
2025-08-01,2025,8,Actual,MCU-A32,Microcontroller A32,High,FAB2-AZ,Fab 2 - Arizona,137848,133785,201914,199097,137848,0,473260,534509
2025-08-01,2025,8,Actual,MCU-A32,Microcontroller A32,High,FAB3-SG,Fab 3 - Singapore,116677,111488,135722,137315,116677,0,131797,152435
2025-08-01,2025,8,Actual,MEM-D4,DRAM Memory D4,High,FAB1-TW,Fab 1 - Taiwan,382097,395536,403478,399706,382097,0,705498,723107
2025-08-01,2025,8,Actual,MEM-D4,DRAM Memory D4,High,FAB2-AZ,Fab 2 - Arizona,261235,263691,293256,299481,261235,0,530424,568669
2025-08-01,2025,8,Actual,MEM-D4,DRAM Memory D4,High,FAB3-SG,Fab 3 - Singapore,212939,219742,197120,196558,196558,16382,0,0
2025-08-01,2025,8,Actual,LOGIC-X7,Logic IC X7,Critical,FAB1-TW,Fab 1 - Taiwan,174066,162292,171974,172387,174066,0,242453,240774
2025-08-01,2025,8,Actual,LOGIC-X7,Logic IC X7,Critical,FAB2-AZ,Fab 2 - Arizona,118540,108194,124994,122440,118540,0,163349,167250
2025-08-01,2025,8,Actual,LOGIC-X7,Logic IC X7,Critical,FAB3-SG,Fab 3 - Singapore,97166,90162,84018,82059,82059,15107,0,0
2025-08-01,2025,8,Actual,ANALOG-P9,Power Mgmt IC P9,Medium,FAB1-TW,Fab 1 - Taiwan,169041,183994,224889,224473,169041,0,665752,721184
2025-08-01,2025,8,Actual,ANALOG-P9,Power Mgmt IC P9,Medium,FAB2-AZ,Fab 2 - Arizona,108974,122662,163454,162436,108974,0,494358,547820
2025-08-01,2025,8,Actual,ANALOG-P9,Power Mgmt IC P9,Medium,FAB3-SG,Fab 3 - Singapore,94483,102219,109870,108636,94483,0,149681,163834
2025-08-01,2025,8,Actual,SENSOR-S2,Sensor IC S2,Medium,FAB1-TW,Fab 1 - Taiwan,100322,89437,119059,122631,100322,0,290239,312548
2025-08-01,2025,8,Actual,SENSOR-S2,Sensor IC S2,Medium,FAB2-AZ,Fab 2 - Arizona,64570,59624,86535,88591,64570,0,222978,246999
2025-08-01,2025,8,Actual,SENSOR-S2,Sensor IC S2,Medium,FAB3-SG,Fab 3 - Singapore,53984,49687,58167,58062,53984,0,49572,53650
2025-09-01,2025,9,Actual,MCU-A32,Microcontroller A32,High,FAB1-TW,Fab 1 - Taiwan,190216,212676,281416,270622,190216,0,769927,850334
2025-09-01,2025,9,Actual,MCU-A32,Microcontroller A32,High,FAB2-AZ,Fab 2 - Arizona,133817,141784,205952,206104,133817,0,534509,606795
2025-09-01,2025,9,Actual,MCU-A32,Microcontroller A32,High,FAB3-SG,Fab 3 - Singapore,110776,118154,137215,136609,110776,0,152435,178268
2025-09-01,2025,9,Actual,MEM-D4,DRAM Memory D4,High,FAB1-TW,Fab 1 - Taiwan,326126,339169,408723,410718,326126,0,723107,807699
2025-09-01,2025,9,Actual,MEM-D4,DRAM Memory D4,High,FAB2-AZ,Fab 2 - Arizona,223735,226113,299121,307694,223735,0,568669,652628
2025-09-01,2025,9,Actual,MEM-D4,DRAM Memory D4,High,FAB3-SG,Fab 3 - Singapore,181883,188427,199289,198021,181883,0,0,16138
2025-09-01,2025,9,Actual,LOGIC-X7,Logic IC X7,Critical,FAB1-TW,Fab 1 - Taiwan,156611,154204,174210,168767,156611,0,240774,252931
2025-09-01,2025,9,Actual,LOGIC-X7,Logic IC X7,Critical,FAB2-AZ,Fab 2 - Arizona,105293,102803,127494,125161,105293,0,167250,187118
2025-09-01,2025,9,Actual,LOGIC-X7,Logic IC X7,Critical,FAB3-SG,Fab 3 - Singapore,85429,85669,84943,82245,82245,3185,0,0
2025-09-01,2025,9,Actual,ANALOG-P9,Power Mgmt IC P9,Medium,FAB1-TW,Fab 1 - Taiwan,169165,157789,227813,229054,169165,0,721184,781073
2025-09-01,2025,9,Actual,ANALOG-P9,Power Mgmt IC P9,Medium,FAB2-AZ,Fab 2 - Arizona,106487,105193,166723,163110,106487,0,547820,604444
2025-09-01,2025,9,Actual,ANALOG-P9,Power Mgmt IC P9,Medium,FAB3-SG,Fab 3 - Singapore,93261,87660,111079,109378,93261,0,163834,179951
2025-09-01,2025,9,Actual,SENSOR-S2,Sensor IC S2,Medium,FAB1-TW,Fab 1 - Taiwan,87297,90266,120607,118166,87297,0,312548,343417
2025-09-01,2025,9,Actual,SENSOR-S2,Sensor IC S2,Medium,FAB2-AZ,Fab 2 - Arizona,58024,60177,88265,87421,58024,0,246999,276396
2025-09-01,2025,9,Actual,SENSOR-S2,Sensor IC S2,Medium,FAB3-SG,Fab 3 - Singapore,46149,50148,58806,59398,46149,0,53650,66898
2025-10-01,2025,10,Actual,MCU-A32,Microcontroller A32,High,FAB1-TW,Fab 1 - Taiwan,186126,208865,285074,276068,186126,0,850334,940276
2025-10-01,2025,10,Actual,MCU-A32,Microcontroller A32,High,FAB2-AZ,Fab 2 - Arizona,130022,139243,210071,203412,130022,0,606795,680185
2025-10-01,2025,10,Actual,MCU-A32,Microcontroller A32,High,FAB3-SG,Fab 3 - Singapore,104491,116036,138724,140382,104491,0,178268,214158
2025-10-01,2025,10,Actual,MEM-D4,DRAM Memory D4,High,FAB1-TW,Fab 1 - Taiwan,333057,307896,414036,412427,333057,0,807699,887069
2025-10-01,2025,10,Actual,MEM-D4,DRAM Memory D4,High,FAB2-AZ,Fab 2 - Arizona,226886,205264,305104,308696,226886,0,652628,734438
2025-10-01,2025,10,Actual,MEM-D4,DRAM Memory D4,High,FAB3-SG,Fab 3 - Singapore,195530,171054,201481,194848,195530,0,16138,15456
2025-10-01,2025,10,Actual,LOGIC-X7,Logic IC X7,Critical,FAB1-TW,Fab 1 - Taiwan,155642,144125,176475,179375,155642,0,252931,276664
2025-10-01,2025,10,Actual,LOGIC-X7,Logic IC X7,Critical,FAB2-AZ,Fab 2 - Arizona,102949,96083,130044,128022,102949,0,187118,212192
2025-10-01,2025,10,Actual,LOGIC-X7,Logic IC X7,Critical,FAB3-SG,Fab 3 - Singapore,83256,80069,85877,82391,82391,866,0,0
2025-10-01,2025,10,Actual,ANALOG-P9,Power Mgmt IC P9,Medium,FAB1-TW,Fab 1 - Taiwan,160505,156107,230774,235083,160505,0,781073,855650
2025-10-01,2025,10,Actual,ANALOG-P9,Power Mgmt IC P9,Medium,FAB2-AZ,Fab 2 - Arizona,109180,104071,170058,173375,109180,0,604444,668638
2025-10-01,2025,10,Actual,ANALOG-P9,Power Mgmt IC P9,Medium,FAB3-SG,Fab 3 - Singapore,86727,86726,112301,110697,86727,0,179951,203921
2025-10-01,2025,10,Actual,SENSOR-S2,Sensor IC S2,Medium,FAB1-TW,Fab 1 - Taiwan,89896,89165,122175,119710,89896,0,343417,373231
2025-10-01,2025,10,Actual,SENSOR-S2,Sensor IC S2,Medium,FAB2-AZ,Fab 2 - Arizona,58955,59443,90031,92731,58955,0,276396,310173
2025-10-01,2025,10,Actual,SENSOR-S2,Sensor IC S2,Medium,FAB3-SG,Fab 3 - Singapore,49682,49536,59453,60488,49682,0,66898,77704
2025-11-01,2025,11,Actual,MCU-A32,Microcontroller A32,High,FAB1-TW,Fab 1 - Taiwan,200768,201349,288780,289396,200768,0,940276,1028904
2025-11-01,2025,11,Actual,MCU-A32,Microcontroller A32,High,FAB2-AZ,Fab 2 - Arizona,132347,134233,214273,210522,132347,0,680185,758361
2025-11-01,2025,11,Actual,MCU-A32,Microcontroller A32,High,FAB3-SG,Fab 3 - Singapore,108924,111861,140250,142787,108924,0,214158,248020
2025-11-01,2025,11,Actual,MEM-D4,DRAM Memory D4,High,FAB1-TW,Fab 1 - Taiwan,322152,353804,419419,412664,322152,0,887069,977582
2025-11-01,2025,11,Actual,MEM-D4,DRAM Memory D4,High,FAB2-AZ,Fab 2 - Arizona,217703,235869,311206,320542,217703,0,734438,837277
2025-11-01,2025,11,Actual,MEM-D4,DRAM Memory D4,High,FAB3-SG,Fab 3 - Singapore,182545,196558,203697,207509,182545,0,15456,40421
2025-11-01,2025,11,Actual,LOGIC-X7,Logic IC X7,Critical,FAB1-TW,Fab 1 - Taiwan,145156,153153,178769,176727,145156,0,276664,308234
2025-11-01,2025,11,Actual,LOGIC-X7,Logic IC X7,Critical,FAB2-AZ,Fab 2 - Arizona,100759,102102,132645,132543,100759,0,212192,243975
2025-11-01,2025,11,Actual,LOGIC-X7,Logic IC X7,Critical,FAB3-SG,Fab 3 - Singapore,84983,85085,86822,86470,84983,0,0,1487
2025-11-01,2025,11,Actual,ANALOG-P9,Power Mgmt IC P9,Medium,FAB1-TW,Fab 1 - Taiwan,147278,159846,233774,226669,147278,0,855650,935041
2025-11-01,2025,11,Actual,ANALOG-P9,Power Mgmt IC P9,Medium,FAB2-AZ,Fab 2 - Arizona,102065,106564,173459,174896,102065,0,668638,741469
2025-11-01,2025,11,Actual,ANALOG-P9,Power Mgmt IC P9,Medium,FAB3-SG,Fab 3 - Singapore,79307,88803,113536,113637,79307,0,203921,238252
2025-11-01,2025,11,Actual,SENSOR-S2,Sensor IC S2,Medium,FAB1-TW,Fab 1 - Taiwan,84336,94384,123763,122325,84336,0,373231,411220
2025-11-01,2025,11,Actual,SENSOR-S2,Sensor IC S2,Medium,FAB2-AZ,Fab 2 - Arizona,56017,62923,91831,89895,56017,0,310173,344051
2025-11-01,2025,11,Actual,SENSOR-S2,Sensor IC S2,Medium,FAB3-SG,Fab 3 - Singapore,46880,52436,60107,58381,46880,0,77704,89205
2025-12-01,2025,12,Actual,MCU-A32,Microcontroller A32,High,FAB1-TW,Fab 1 - Taiwan,185916,182859,292534,283409,185916,0,1028904,1126397
2025-12-01,2025,12,Actual,MCU-A32,Microcontroller A32,High,FAB2-AZ,Fab 2 - Arizona,126438,121906,218558,215570,126438,0,758361,847492
2025-12-01,2025,12,Actual,MCU-A32,Microcontroller A32,High,FAB3-SG,Fab 3 - Singapore,103863,101589,141793,143149,103863,0,248020,287307
2025-12-01,2025,12,Actual,MEM-D4,DRAM Memory D4,High,FAB1-TW,Fab 1 - Taiwan,343643,339942,424871,437617,343643,0,977582,1071557
2025-12-01,2025,12,Actual,MEM-D4,DRAM Memory D4,High,FAB2-AZ,Fab 2 - Arizona,232350,226628,317430,320448,232350,0,837277,925375
2025-12-01,2025,12,Actual,MEM-D4,DRAM Memory D4,High,FAB3-SG,Fab 3 - Singapore,182734,188856,205938,203245,182734,0,40421,60931
2025-12-01,2025,12,Actual,LOGIC-X7,Logic IC X7,Critical,FAB1-TW,Fab 1 - Taiwan,147563,155136,181093,178650,147563,0,308234,339321
2025-12-01,2025,12,Actual,LOGIC-X7,Logic IC X7,Critical,FAB2-AZ,Fab 2 - Arizona,98659,103424,135298,132530,98659,0,243975,277847
2025-12-01,2025,12,Actual,LOGIC-X7,Logic IC X7,Critical,FAB3-SG,Fab 3 - Singapore,82309,86187,87777,85049,82309,0,1487,4227
2025-12-01,2025,12,Actual,ANALOG-P9,Power Mgmt IC P9,Medium,FAB1-TW,Fab 1 - Taiwan,153989,156992,236814,236211,153989,0,935041,1017263
2025-12-01,2025,12,Actual,ANALOG-P9,Power Mgmt IC P9,Medium,FAB2-AZ,Fab 2 - Arizona,105511,104661,176928,175462,105511,0,741469,811420
2025-12-01,2025,12,Actual,ANALOG-P9,Power Mgmt IC P9,Medium,FAB3-SG,Fab 3 - Singapore,83879,87218,114785,108450,83879,0,238252,262823
2025-12-01,2025,12,Actual,SENSOR-S2,Sensor IC S2,Medium,FAB1-TW,Fab 1 - Taiwan,92487,87547,125372,128684,92487,0,411220,447417
2025-12-01,2025,12,Actual,SENSOR-S2,Sensor IC S2,Medium,FAB2-AZ,Fab 2 - Arizona,64703,58364,93668,93871,64703,0,344051,373219
2025-12-01,2025,12,Actual,SENSOR-S2,Sensor IC S2,Medium,FAB3-SG,Fab 3 - Singapore,51109,48637,60768,61278,51109,0,89205,99373
2026-01-01,2026,1,Actual,MCU-A32,Microcontroller A32,High,FAB1-TW,Fab 1 - Taiwan,209757,197742,296337,283698,209757,0,1126397,1200338
2026-01-01,2026,1,Actual,MCU-A32,Microcontroller A32,High,FAB2-AZ,Fab 2 - Arizona,138533,131828,222929,224977,138533,0,847492,933936
2026-01-01,2026,1,Actual,MCU-A32,Microcontroller A32,High,FAB3-SG,Fab 3 - Singapore,118832,109857,143353,144285,118832,0,287307,312760
2026-01-01,2026,1,Actual,MEM-D4,DRAM Memory D4,High,FAB1-TW,Fab 1 - Taiwan,344529,355296,430395,433455,344529,0,1071557,1160483
2026-01-01,2026,1,Actual,MEM-D4,DRAM Memory D4,High,FAB2-AZ,Fab 2 - Arizona,233889,236864,323778,311088,233889,0,925375,1002574
2026-01-01,2026,1,Actual,MEM-D4,DRAM Memory D4,High,FAB3-SG,Fab 3 - Singapore,189896,197387,208203,212242,189896,0,60931,83277
2026-01-01,2026,1,Actual,LOGIC-X7,Logic IC X7,Critical,FAB1-TW,Fab 1 - Taiwan,177442,185457,183447,187474,177442,0,339321,349353
2026-01-01,2026,1,Actual,LOGIC-X7,Logic IC X7,Critical,FAB2-AZ,Fab 2 - Arizona,123307,123638,138004,141311,123307,0,277847,295850
2026-01-01,2026,1,Actual,LOGIC-X7,Logic IC X7,Critical,FAB3-SG,Fab 3 - Singapore,100793,103032,88742,90211,94439,6354,4227,0
2026-01-01,2026,1,Actual,ANALOG-P9,Power Mgmt IC P9,Medium,FAB1-TW,Fab 1 - Taiwan,160725,150378,239892,238227,160725,0,1017263,1094765
2026-01-01,2026,1,Actual,ANALOG-P9,Power Mgmt IC P9,Medium,FAB2-AZ,Fab 2 - Arizona,105025,100252,180467,178378,105025,0,811420,884773
2026-01-01,2026,1,Actual,ANALOG-P9,Power Mgmt IC P9,Medium,FAB3-SG,Fab 3 - Singapore,86882,83543,116048,116588,86882,0,262823,292529
2026-01-01,2026,1,Actual,SENSOR-S2,Sensor IC S2,Medium,FAB1-TW,Fab 1 - Taiwan,91478,94730,127002,126805,91478,0,447417,482745
2026-01-01,2026,1,Actual,SENSOR-S2,Sensor IC S2,Medium,FAB2-AZ,Fab 2 - Arizona,59784,63153,95541,97044,59784,0,373219,410479
2026-01-01,2026,1,Actual,SENSOR-S2,Sensor IC S2,Medium,FAB3-SG,Fab 3 - Singapore,52466,52628,61437,60698,52466,0,99373,107605
2026-02-01,2026,2,Actual,MCU-A32,Microcontroller A32,High,FAB1-TW,Fab 1 - Taiwan,222274,235013,300190,295620,222274,0,1200338,1273683
2026-02-01,2026,2,Actual,MCU-A32,Microcontroller A32,High,FAB2-AZ,Fab 2 - Arizona,154497,156675,227388,230943,154497,0,933936,1010383
2026-02-01,2026,2,Actual,MCU-A32,Microcontroller A32,High,FAB3-SG,Fab 3 - Singapore,130897,130563,144930,146305,130897,0,312760,328167
2026-02-01,2026,2,Actual,MEM-D4,DRAM Memory D4,High,FAB1-TW,Fab 1 - Taiwan,404112,383263,435990,425326,404112,0,1160483,1181698
2026-02-01,2026,2,Actual,MEM-D4,DRAM Memory D4,High,FAB2-AZ,Fab 2 - Arizona,272560,255509,330254,329467,272560,0,1002574,1059481
2026-02-01,2026,2,Actual,MEM-D4,DRAM Memory D4,High,FAB3-SG,Fab 3 - Singapore,228690,212924,210493,207431,228690,0,83277,62018
2026-02-01,2026,2,Actual,LOGIC-X7,Logic IC X7,Critical,FAB1-TW,Fab 1 - Taiwan,195891,192615,185832,188475,195891,0,349353,341937
2026-02-01,2026,2,Actual,LOGIC-X7,Logic IC X7,Critical,FAB2-AZ,Fab 2 - Arizona,127146,128410,140764,142657,127146,0,295850,311362
2026-02-01,2026,2,Actual,LOGIC-X7,Logic IC X7,Critical,FAB3-SG,Fab 3 - Singapore,106850,107009,89718,88549,88549,18302,0,0
2026-02-01,2026,2,Actual,ANALOG-P9,Power Mgmt IC P9,Medium,FAB1-TW,Fab 1 - Taiwan,188301,188210,243011,243182,188301,0,1094765,1149645
2026-02-01,2026,2,Actual,ANALOG-P9,Power Mgmt IC P9,Medium,FAB2-AZ,Fab 2 - Arizona,121543,125473,184076,185609,121543,0,884773,948839
2026-02-01,2026,2,Actual,ANALOG-P9,Power Mgmt IC P9,Medium,FAB3-SG,Fab 3 - Singapore,100628,104561,117324,118777,100628,0,292529,310678
2026-02-01,2026,2,Actual,SENSOR-S2,Sensor IC S2,Medium,FAB1-TW,Fab 1 - Taiwan,104456,100354,128653,129077,104456,0,482745,507365
2026-02-01,2026,2,Actual,SENSOR-S2,Sensor IC S2,Medium,FAB2-AZ,Fab 2 - Arizona,67361,66903,97452,99171,67361,0,410479,442289
2026-02-01,2026,2,Actual,SENSOR-S2,Sensor IC S2,Medium,FAB3-SG,Fab 3 - Singapore,56228,55752,62113,62475,56228,0,107605,113853
2026-03-01,2026,3,Actual,MCU-A32,Microcontroller A32,High,FAB1-TW,Fab 1 - Taiwan,239496,225522,304092,297178,239496,0,1273683,1331366
2026-03-01,2026,3,Actual,MCU-A32,Microcontroller A32,High,FAB2-AZ,Fab 2 - Arizona,160434,150348,231936,226455,160434,0,1010383,1076404
2026-03-01,2026,3,Actual,MCU-A32,Microcontroller A32,High,FAB3-SG,Fab 3 - Singapore,135577,125290,146524,148720,135577,0,328167,341310
2026-03-01,2026,3,Actual,MEM-D4,DRAM Memory D4,High,FAB1-TW,Fab 1 - Taiwan,440626,430573,441658,424301,440626,0,1181698,1165372
2026-03-01,2026,3,Actual,MEM-D4,DRAM Memory D4,High,FAB2-AZ,Fab 2 - Arizona,284934,287049,336859,335857,284934,0,1059481,1110404
2026-03-01,2026,3,Actual,MEM-D4,DRAM Memory D4,High,FAB3-SG,Fab 3 - Singapore,244447,239207,212809,212471,244447,0,62018,30042
2026-03-01,2026,3,Actual,LOGIC-X7,Logic IC X7,Critical,FAB1-TW,Fab 1 - Taiwan,190440,200516,188248,184224,190440,0,341937,335722
2026-03-01,2026,3,Actual,LOGIC-X7,Logic IC X7,Critical,FAB2-AZ,Fab 2 - Arizona,128967,133677,143579,142976,128967,0,311362,325371
2026-03-01,2026,3,Actual,LOGIC-X7,Logic IC X7,Critical,FAB3-SG,Fab 3 - Singapore,109324,111398,90705,91913,91913,17411,0,0
2026-03-01,2026,3,Actual,ANALOG-P9,Power Mgmt IC P9,Medium,FAB1-TW,Fab 1 - Taiwan,186182,187605,246170,241563,186182,0,1149645,1205027
2026-03-01,2026,3,Actual,ANALOG-P9,Power Mgmt IC P9,Medium,FAB2-AZ,Fab 2 - Arizona,122540,125070,187758,193390,122540,0,948839,1019688
2026-03-01,2026,3,Actual,ANALOG-P9,Power Mgmt IC P9,Medium,FAB3-SG,Fab 3 - Singapore,102941,104225,118615,118117,102941,0,310678,325853
2026-03-01,2026,3,Actual,SENSOR-S2,Sensor IC S2,Medium,FAB1-TW,Fab 1 - Taiwan,105766,106860,130325,125455,105766,0,507365,527055
2026-03-01,2026,3,Actual,SENSOR-S2,Sensor IC S2,Medium,FAB2-AZ,Fab 2 - Arizona,69920,71240,99401,96636,69920,0,442289,469006
2026-03-01,2026,3,Actual,SENSOR-S2,Sensor IC S2,Medium,FAB3-SG,Fab 3 - Singapore,59303,59366,62796,61937,59303,0,113853,116487
2026-04-01,2026,4,Actual,MCU-A32,Microcontroller A32,High,FAB1-TW,Fab 1 - Taiwan,242958,254600,308045,313788,242958,0,1331366,1402195
2026-04-01,2026,4,Actual,MCU-A32,Microcontroller A32,High,FAB2-AZ,Fab 2 - Arizona,162617,169734,236574,237640,162617,0,1076404,1151427
2026-04-01,2026,4,Actual,MCU-A32,Microcontroller A32,High,FAB3-SG,Fab 3 - Singapore,132949,141445,148136,150082,132949,0,341310,358443
2026-04-01,2026,4,Actual,MEM-D4,DRAM Memory D4,High,FAB1-TW,Fab 1 - Taiwan,454944,467833,447399,445847,454944,0,1165372,1156276
2026-04-01,2026,4,Actual,MEM-D4,DRAM Memory D4,High,FAB2-AZ,Fab 2 - Arizona,302618,311889,343596,340949,302618,0,1110404,1148735
2026-04-01,2026,4,Actual,MEM-D4,DRAM Memory D4,High,FAB3-SG,Fab 3 - Singapore,257849,259907,215150,219170,249211,8638,30042,0
2026-04-01,2026,4,Actual,LOGIC-X7,Logic IC X7,Critical,FAB1-TW,Fab 1 - Taiwan,210494,199163,190695,188163,210494,0,335722,313391
2026-04-01,2026,4,Actual,LOGIC-X7,Logic IC X7,Critical,FAB2-AZ,Fab 2 - Arizona,142781,132775,146451,147763,142781,0,325371,330353
2026-04-01,2026,4,Actual,LOGIC-X7,Logic IC X7,Critical,FAB3-SG,Fab 3 - Singapore,117426,110646,91703,93862,93862,23564,0,0
2026-04-01,2026,4,Actual,ANALOG-P9,Power Mgmt IC P9,Medium,FAB1-TW,Fab 1 - Taiwan,191435,173799,249370,236477,191435,0,1205027,1250069
2026-04-01,2026,4,Actual,ANALOG-P9,Power Mgmt IC P9,Medium,FAB2-AZ,Fab 2 - Arizona,126911,115866,191513,189409,126911,0,1019688,1082187
2026-04-01,2026,4,Actual,ANALOG-P9,Power Mgmt IC P9,Medium,FAB3-SG,Fab 3 - Singapore,106062,96555,119919,119139,106062,0,325853,338930
2026-04-01,2026,4,Actual,SENSOR-S2,Sensor IC S2,Medium,FAB1-TW,Fab 1 - Taiwan,115694,110509,132019,135227,115694,0,527055,546588
2026-04-01,2026,4,Actual,SENSOR-S2,Sensor IC S2,Medium,FAB2-AZ,Fab 2 - Arizona,73169,73673,101389,103932,73169,0,469006,499768
2026-04-01,2026,4,Actual,SENSOR-S2,Sensor IC S2,Medium,FAB3-SG,Fab 3 - Singapore,60376,61394,63487,62452,60376,0,116487,118563
2026-05-01,2026,5,Actual,MCU-A32,Microcontroller A32,High,FAB1-TW,Fab 1 - Taiwan,274192,228522,312050,304227,274192,0,1402195,1432230
2026-05-01,2026,5,Actual,MCU-A32,Microcontroller A32,High,FAB2-AZ,Fab 2 - Arizona,180197,152348,241306,240436,180197,0,1151427,1211667
2026-05-01,2026,5,Actual,MCU-A32,Microcontroller A32,High,FAB3-SG,Fab 3 - Singapore,155710,126957,149765,147337,155710,0,358443,350071
2026-05-01,2026,5,Actual,MEM-D4,DRAM Memory D4,High,FAB1-TW,Fab 1 - Taiwan,469653,488007,453215,445764,469653,0,1156276,1132387
2026-05-01,2026,5,Actual,MEM-D4,DRAM Memory D4,High,FAB2-AZ,Fab 2 - Arizona,314314,325338,350468,351124,314314,0,1148735,1185545
2026-05-01,2026,5,Actual,MEM-D4,DRAM Memory D4,High,FAB3-SG,Fab 3 - Singapore,266875,271115,217516,213414,213414,53462,0,0
2026-05-01,2026,5,Actual,LOGIC-X7,Logic IC X7,Critical,FAB1-TW,Fab 1 - Taiwan,214925,222628,193174,192458,214925,0,313391,290923
2026-05-01,2026,5,Actual,LOGIC-X7,Logic IC X7,Critical,FAB2-AZ,Fab 2 - Arizona,143715,148418,149380,147301,143715,0,330353,333939
2026-05-01,2026,5,Actual,LOGIC-X7,Logic IC X7,Critical,FAB3-SG,Fab 3 - Singapore,117887,123682,92712,93529,93529,24358,0,0
2026-05-01,2026,5,Actual,ANALOG-P9,Power Mgmt IC P9,Medium,FAB1-TW,Fab 1 - Taiwan,190313,208524,252612,246162,190313,0,1250069,1305918
2026-05-01,2026,5,Actual,ANALOG-P9,Power Mgmt IC P9,Medium,FAB2-AZ,Fab 2 - Arizona,127042,139016,195343,195996,127042,0,1082187,1151142
2026-05-01,2026,5,Actual,ANALOG-P9,Power Mgmt IC P9,Medium,FAB3-SG,Fab 3 - Singapore,106877,115846,121239,124048,106877,0,338930,356102
2026-05-01,2026,5,Actual,SENSOR-S2,Sensor IC S2,Medium,FAB1-TW,Fab 1 - Taiwan,113698,112463,133736,131112,113698,0,546588,564001
2026-05-01,2026,5,Actual,SENSOR-S2,Sensor IC S2,Medium,FAB2-AZ,Fab 2 - Arizona,75583,74975,103417,104005,75583,0,499768,528190
2026-05-01,2026,5,Actual,SENSOR-S2,Sensor IC S2,Medium,FAB3-SG,Fab 3 - Singapore,63960,62479,64185,63554,63960,0,118563,118157
2026-06-01,2026,6,Actual,MCU-A32,Microcontroller A32,High,FAB1-TW,Fab 1 - Taiwan,246324,259863,316107,309531,246324,0,1432230,1495436
2026-06-01,2026,6,Actual,MCU-A32,Microcontroller A32,High,FAB2-AZ,Fab 2 - Arizona,165377,173242,246132,244830,165377,0,1211667,1291120
2026-06-01,2026,6,Actual,MCU-A32,Microcontroller A32,High,FAB3-SG,Fab 3 - Singapore,135275,144368,151413,153918,135275,0,350071,368713
2026-06-01,2026,6,Actual,MEM-D4,DRAM Memory D4,High,FAB1-TW,Fab 1 - Taiwan,489755,475397,459107,463949,489755,0,1132387,1106581
2026-06-01,2026,6,Actual,MEM-D4,DRAM Memory D4,High,FAB2-AZ,Fab 2 - Arizona,325448,316931,357478,363850,325448,0,1185545,1223946
2026-06-01,2026,6,Actual,MEM-D4,DRAM Memory D4,High,FAB3-SG,Fab 3 - Singapore,280363,264109,219909,220263,220263,60100,0,0
2026-06-01,2026,6,Actual,LOGIC-X7,Logic IC X7,Critical,FAB1-TW,Fab 1 - Taiwan,222204,229943,195685,191269,222204,0,290923,259989
2026-06-01,2026,6,Actual,LOGIC-X7,Logic IC X7,Critical,FAB2-AZ,Fab 2 - Arizona,151847,153295,152367,147587,151847,0,333939,329679
2026-06-01,2026,6,Actual,LOGIC-X7,Logic IC X7,Critical,FAB3-SG,Fab 3 - Singapore,128733,127746,93732,95363,95363,33370,0,0
2026-06-01,2026,6,Actual,ANALOG-P9,Power Mgmt IC P9,Medium,FAB1-TW,Fab 1 - Taiwan,203349,195683,255896,251053,203349,0,1305918,1353623
2026-06-01,2026,6,Actual,ANALOG-P9,Power Mgmt IC P9,Medium,FAB2-AZ,Fab 2 - Arizona,127939,130456,199250,196866,127939,0,1151142,1220069
2026-06-01,2026,6,Actual,ANALOG-P9,Power Mgmt IC P9,Medium,FAB3-SG,Fab 3 - Singapore,108577,108713,122572,120105,108577,0,356102,367630
2026-06-01,2026,6,Actual,SENSOR-S2,Sensor IC S2,Medium,FAB1-TW,Fab 1 - Taiwan,114676,116737,135474,139538,114676,0,564001,588863
2026-06-01,2026,6,Actual,SENSOR-S2,Sensor IC S2,Medium,FAB2-AZ,Fab 2 - Arizona,75552,77825,105485,102792,75552,0,528190,555430
2026-06-01,2026,6,Actual,SENSOR-S2,Sensor IC S2,Medium,FAB3-SG,Fab 3 - Singapore,65250,64854,64891,64622,65250,0,118157,117529
2026-07-01,2026,7,Actual,MCU-A32,Microcontroller A32,High,FAB1-TW,Fab 1 - Taiwan,245406,239331,320216,316082,245406,0,1495436,1566112
2026-07-01,2026,7,Actual,MCU-A32,Microcontroller A32,High,FAB2-AZ,Fab 2 - Arizona,164773,159554,251055,253691,164773,0,1291120,1380038
2026-07-01,2026,7,Actual,MCU-A32,Microcontroller A32,High,FAB3-SG,Fab 3 - Singapore,137878,132962,153078,155409,137878,0,368713,386245
2026-07-01,2026,7,Actual,MEM-D4,DRAM Memory D4,High,FAB1-TW,Fab 1 - Taiwan,481459,487512,465076,472371,481459,0,1106581,1097493
2026-07-01,2026,7,Actual,MEM-D4,DRAM Memory D4,High,FAB2-AZ,Fab 2 - Arizona,320147,325008,364627,360859,320147,0,1223946,1264658
2026-07-01,2026,7,Actual,MEM-D4,DRAM Memory D4,High,FAB3-SG,Fab 3 - Singapore,261368,270840,222328,214190,214190,47178,0,0
2026-07-01,2026,7,Actual,LOGIC-X7,Logic IC X7,Critical,FAB1-TW,Fab 1 - Taiwan,219793,208567,198229,200320,219793,0,259989,240516
2026-07-01,2026,7,Actual,LOGIC-X7,Logic IC X7,Critical,FAB2-AZ,Fab 2 - Arizona,141431,139045,155415,152264,141431,0,329679,340512
2026-07-01,2026,7,Actual,LOGIC-X7,Logic IC X7,Critical,FAB3-SG,Fab 3 - Singapore,120288,115871,94763,93782,93782,26507,0,0
2026-07-01,2026,7,Actual,ANALOG-P9,Power Mgmt IC P9,Medium,FAB1-TW,Fab 1 - Taiwan,189636,177474,259222,250469,189636,0,1353623,1414456
2026-07-01,2026,7,Actual,ANALOG-P9,Power Mgmt IC P9,Medium,FAB2-AZ,Fab 2 - Arizona,120861,118316,203235,206148,120861,0,1220069,1305357
2026-07-01,2026,7,Actual,ANALOG-P9,Power Mgmt IC P9,Medium,FAB3-SG,Fab 3 - Singapore,102506,98597,123920,122533,102506,0,367630,387657
2026-07-01,2026,7,Actual,SENSOR-S2,Sensor IC S2,Medium,FAB1-TW,Fab 1 - Taiwan,105913,104424,137235,136110,105913,0,588863,619060
2026-07-01,2026,7,Actual,SENSOR-S2,Sensor IC S2,Medium,FAB2-AZ,Fab 2 - Arizona,72575,69616,107595,108562,72575,0,555430,591417
2026-07-01,2026,7,Actual,SENSOR-S2,Sensor IC S2,Medium,FAB3-SG,Fab 3 - Singapore,59004,58014,65605,66599,59004,0,117529,125124
2026-08-01,2026,8,Actual,MCU-A32,Microcontroller A32,High,FAB1-TW,Fab 1 - Taiwan,241813,239451,324379,330987,241813,0,1566112,1655285
2026-08-01,2026,8,Actual,MCU-A32,Microcontroller A32,High,FAB2-AZ,Fab 2 - Arizona,168278,159634,256076,259459,168278,0,1380038,1471218
2026-08-01,2026,8,Actual,MCU-A32,Microcontroller A32,High,FAB3-SG,Fab 3 - Singapore,140238,133028,154762,157630,140238,0,386245,403637
2026-08-01,2026,8,Actual,MEM-D4,DRAM Memory D4,High,FAB1-TW,Fab 1 - Taiwan,447712,420458,471122,470655,447712,0,1097493,1120437
2026-08-01,2026,8,Actual,MEM-D4,DRAM Memory D4,High,FAB2-AZ,Fab 2 - Arizona,295080,280305,371920,367509,295080,0,1264658,1337086
2026-08-01,2026,8,Actual,MEM-D4,DRAM Memory D4,High,FAB3-SG,Fab 3 - Singapore,258807,233588,224773,221783,221783,37024,0,0
2026-08-01,2026,8,Actual,LOGIC-X7,Logic IC X7,Critical,FAB1-TW,Fab 1 - Taiwan,209528,193705,200806,204916,209528,0,240516,235904
2026-08-01,2026,8,Actual,LOGIC-X7,Logic IC X7,Critical,FAB2-AZ,Fab 2 - Arizona,141666,129137,158523,159443,141666,0,340512,358289
2026-08-01,2026,8,Actual,LOGIC-X7,Logic IC X7,Critical,FAB3-SG,Fab 3 - Singapore,121573,107614,95805,98290,98290,23283,0,0
2026-08-01,2026,8,Actual,ANALOG-P9,Power Mgmt IC P9,Medium,FAB1-TW,Fab 1 - Taiwan,170972,190350,262592,262500,170972,0,1414456,1505984
2026-08-01,2026,8,Actual,ANALOG-P9,Power Mgmt IC P9,Medium,FAB2-AZ,Fab 2 - Arizona,115436,126900,207299,211748,115436,0,1305357,1401668
2026-08-01,2026,8,Actual,ANALOG-P9,Power Mgmt IC P9,Medium,FAB3-SG,Fab 3 - Singapore,93996,105750,125284,126416,93996,0,387657,420077
2026-08-01,2026,8,Actual,SENSOR-S2,Sensor IC S2,Medium,FAB1-TW,Fab 1 - Taiwan,108436,111272,139019,141809,108436,0,619060,652433
2026-08-01,2026,8,Actual,SENSOR-S2,Sensor IC S2,Medium,FAB2-AZ,Fab 2 - Arizona,71563,74181,109747,112264,71563,0,591417,632118
2026-08-01,2026,8,Actual,SENSOR-S2,Sensor IC S2,Medium,FAB3-SG,Fab 3 - Singapore,60923,61818,66327,64469,60923,0,125124,128670
2026-09-01,2026,9,Forecast,MCU-A32,Microcontroller A32,High,FAB1-TW,Fab 1 - Taiwan,223660,224083,328596,323757,223660,0,1655285,1755382
2026-09-01,2026,9,Forecast,MCU-A32,Microcontroller A32,High,FAB2-AZ,Fab 2 - Arizona,149454,149389,261197,253664,149454,0,1471218,1575428
2026-09-01,2026,9,Forecast,MCU-A32,Microcontroller A32,High,FAB3-SG,Fab 3 - Singapore,129378,124491,156464,152934,129378,0,403637,427193
2026-09-01,2026,9,Forecast,MEM-D4,DRAM Memory D4,High,FAB1-TW,Fab 1 - Taiwan,420224,449546,477246,484121,420224,0,1120437,1184333
2026-09-01,2026,9,Forecast,MEM-D4,DRAM Memory D4,High,FAB2-AZ,Fab 2 - Arizona,285309,299698,379358,376990,285309,0,1337086,1428767
2026-09-01,2026,9,Forecast,MEM-D4,DRAM Memory D4,High,FAB3-SG,Fab 3 - Singapore,225928,249748,227246,231083,225928,0,0,5155
2026-09-01,2026,9,Forecast,LOGIC-X7,Logic IC X7,Critical,FAB1-TW,Fab 1 - Taiwan,199592,195967,203416,208458,199592,0,235904,244770
2026-09-01,2026,9,Forecast,LOGIC-X7,Logic IC X7,Critical,FAB2-AZ,Fab 2 - Arizona,138089,130644,161694,157252,138089,0,358289,377452
2026-09-01,2026,9,Forecast,LOGIC-X7,Logic IC X7,Critical,FAB3-SG,Fab 3 - Singapore,115539,108870,96859,94067,94067,21471,0,0
2026-09-01,2026,9,Forecast,ANALOG-P9,Power Mgmt IC P9,Medium,FAB1-TW,Fab 1 - Taiwan,163741,159232,266006,261573,163741,0,1505984,1603815
2026-09-01,2026,9,Forecast,ANALOG-P9,Power Mgmt IC P9,Medium,FAB2-AZ,Fab 2 - Arizona,109215,106154,211445,214508,109215,0,1401668,1506961
2026-09-01,2026,9,Forecast,ANALOG-P9,Power Mgmt IC P9,Medium,FAB3-SG,Fab 3 - Singapore,92686,88462,126662,128254,92686,0,420077,455645
2026-09-01,2026,9,Forecast,SENSOR-S2,Sensor IC S2,Medium,FAB1-TW,Fab 1 - Taiwan,105467,99532,140827,142342,105467,0,652433,689308
2026-09-01,2026,9,Forecast,SENSOR-S2,Sensor IC S2,Medium,FAB2-AZ,Fab 2 - Arizona,72596,66354,111942,113955,72596,0,632118,673477
2026-09-01,2026,9,Forecast,SENSOR-S2,Sensor IC S2,Medium,FAB3-SG,Fab 3 - Singapore,60116,55295,67056,68423,60116,0,128670,136977
2026-10-01,2026,10,Forecast,MCU-A32,Microcontroller A32,High,FAB1-TW,Fab 1 - Taiwan,224980,194172,332867,334285,224980,0,1755382,1864687
2026-10-01,2026,10,Forecast,MCU-A32,Microcontroller A32,High,FAB2-AZ,Fab 2 - Arizona,147550,129448,266421,263612,147550,0,1575428,1691489
2026-10-01,2026,10,Forecast,MCU-A32,Microcontroller A32,High,FAB3-SG,Fab 3 - Singapore,121781,107873,158186,159502,121781,0,427193,464915
2026-10-01,2026,10,Forecast,MEM-D4,DRAM Memory D4,High,FAB1-TW,Fab 1 - Taiwan,426274,381425,483450,478029,426274,0,1184333,1236088
2026-10-01,2026,10,Forecast,MEM-D4,DRAM Memory D4,High,FAB2-AZ,Fab 2 - Arizona,277568,254283,386945,389984,277568,0,1428767,1541182
2026-10-01,2026,10,Forecast,MEM-D4,DRAM Memory D4,High,FAB3-SG,Fab 3 - Singapore,234240,211903,229746,226717,231872,2368,5155,0
2026-10-01,2026,10,Forecast,LOGIC-X7,Logic IC X7,Critical,FAB1-TW,Fab 1 - Taiwan,188495,196474,206061,201562,188495,0,244770,257837
2026-10-01,2026,10,Forecast,LOGIC-X7,Logic IC X7,Critical,FAB2-AZ,Fab 2 - Arizona,123575,130983,164927,164325,123575,0,377452,418203
2026-10-01,2026,10,Forecast,LOGIC-X7,Logic IC X7,Critical,FAB3-SG,Fab 3 - Singapore,105589,109152,97924,95869,95869,9721,0,0
2026-10-01,2026,10,Forecast,ANALOG-P9,Power Mgmt IC P9,Medium,FAB1-TW,Fab 1 - Taiwan,173358,154969,269464,264393,173358,0,1603815,1694850
2026-10-01,2026,10,Forecast,ANALOG-P9,Power Mgmt IC P9,Medium,FAB2-AZ,Fab 2 - Arizona,107861,103313,215674,216511,107861,0,1506961,1615612
2026-10-01,2026,10,Forecast,ANALOG-P9,Power Mgmt IC P9,Medium,FAB3-SG,Fab 3 - Singapore,89679,86094,128055,130175,89679,0,455645,496141
2026-10-01,2026,10,Forecast,SENSOR-S2,Sensor IC S2,Medium,FAB1-TW,Fab 1 - Taiwan,104062,95662,142657,141180,104062,0,689308,726427
2026-10-01,2026,10,Forecast,SENSOR-S2,Sensor IC S2,Medium,FAB2-AZ,Fab 2 - Arizona,69135,63775,114181,117450,69135,0,673477,721792
2026-10-01,2026,10,Forecast,SENSOR-S2,Sensor IC S2,Medium,FAB3-SG,Fab 3 - Singapore,58643,53146,67794,66568,58643,0,136977,144902
2026-11-01,2026,11,Forecast,MCU-A32,Microcontroller A32,High,FAB1-TW,Fab 1 - Taiwan,224406,223087,337195,332749,224406,0,1864687,1973029
2026-11-01,2026,11,Forecast,MCU-A32,Microcontroller A32,High,FAB2-AZ,Fab 2 - Arizona,148358,148725,271750,267426,148358,0,1691489,1810558
2026-11-01,2026,11,Forecast,MCU-A32,Microcontroller A32,High,FAB3-SG,Fab 3 - Singapore,124624,123937,159926,158913,124624,0,464915,499204
2026-11-01,2026,11,Forecast,MEM-D4,DRAM Memory D4,High,FAB1-TW,Fab 1 - Taiwan,381091,430928,489735,500299,381091,0,1236088,1355295
2026-11-01,2026,11,Forecast,MEM-D4,DRAM Memory D4,High,FAB2-AZ,Fab 2 - Arizona,252403,287285,394684,396172,252403,0,1541182,1684952
2026-11-01,2026,11,Forecast,MEM-D4,DRAM Memory D4,High,FAB3-SG,Fab 3 - Singapore,215615,239404,232273,234074,215615,0,0,18460
2026-11-01,2026,11,Forecast,LOGIC-X7,Logic IC X7,Critical,FAB1-TW,Fab 1 - Taiwan,195406,225310,208740,209446,195406,0,257837,271877
2026-11-01,2026,11,Forecast,LOGIC-X7,Logic IC X7,Critical,FAB2-AZ,Fab 2 - Arizona,135246,150206,168226,165518,135246,0,418203,448475
2026-11-01,2026,11,Forecast,LOGIC-X7,Logic IC X7,Critical,FAB3-SG,Fab 3 - Singapore,106659,125172,99002,96166,96166,10493,0,0
2026-11-01,2026,11,Forecast,ANALOG-P9,Power Mgmt IC P9,Medium,FAB1-TW,Fab 1 - Taiwan,164911,164512,272967,265578,164911,0,1694850,1795516
2026-11-01,2026,11,Forecast,ANALOG-P9,Power Mgmt IC P9,Medium,FAB2-AZ,Fab 2 - Arizona,110514,109675,219988,225256,110514,0,1615612,1730353
2026-11-01,2026,11,Forecast,ANALOG-P9,Power Mgmt IC P9,Medium,FAB3-SG,Fab 3 - Singapore,90103,91396,129464,129548,90103,0,496141,535586
2026-11-01,2026,11,Forecast,SENSOR-S2,Sensor IC S2,Medium,FAB1-TW,Fab 1 - Taiwan,100221,98439,144512,141373,100221,0,726427,767579
2026-11-01,2026,11,Forecast,SENSOR-S2,Sensor IC S2,Medium,FAB2-AZ,Fab 2 - Arizona,65736,65626,116464,113640,65736,0,721792,769695
2026-11-01,2026,11,Forecast,SENSOR-S2,Sensor IC S2,Medium,FAB3-SG,Fab 3 - Singapore,55666,54688,68540,69266,55666,0,144902,158502
2026-12-01,2026,12,Forecast,MCU-A32,Microcontroller A32,High,FAB1-TW,Fab 1 - Taiwan,208737,219400,341578,347439,208737,0,1973029,2111732
2026-12-01,2026,12,Forecast,MCU-A32,Microcontroller A32,High,FAB2-AZ,Fab 2 - Arizona,142287,146267,277185,277900,142287,0,1810558,1946171
2026-12-01,2026,12,Forecast,MCU-A32,Microcontroller A32,High,FAB3-SG,Fab 3 - Singapore,122361,121889,161685,159238,122361,0,499204,536082
2026-12-01,2026,12,Forecast,MEM-D4,DRAM Memory D4,High,FAB1-TW,Fab 1 - Taiwan,443285,427855,496102,501619,443285,0,1355295,1413629
2026-12-01,2026,12,Forecast,MEM-D4,DRAM Memory D4,High,FAB2-AZ,Fab 2 - Arizona,287990,285237,402578,407361,287990,0,1684952,1804322
2026-12-01,2026,12,Forecast,MEM-D4,DRAM Memory D4,High,FAB3-SG,Fab 3 - Singapore,246433,237697,234828,239695,246433,0,18460,11721
2026-12-01,2026,12,Forecast,LOGIC-X7,Logic IC X7,Critical,FAB1-TW,Fab 1 - Taiwan,200953,197352,211453,211202,200953,0,271877,282126
2026-12-01,2026,12,Forecast,LOGIC-X7,Logic IC X7,Critical,FAB2-AZ,Fab 2 - Arizona,129863,131568,171591,170925,129863,0,448475,489537
2026-12-01,2026,12,Forecast,LOGIC-X7,Logic IC X7,Critical,FAB3-SG,Fab 3 - Singapore,113631,109640,100091,99904,99904,13727,0,0
2026-12-01,2026,12,Forecast,ANALOG-P9,Power Mgmt IC P9,Medium,FAB1-TW,Fab 1 - Taiwan,152408,169092,276516,264790,152408,0,1795516,1907899
2026-12-01,2026,12,Forecast,ANALOG-P9,Power Mgmt IC P9,Medium,FAB2-AZ,Fab 2 - Arizona,105508,112728,224388,225200,105508,0,1730353,1850045
2026-12-01,2026,12,Forecast,ANALOG-P9,Power Mgmt IC P9,Medium,FAB3-SG,Fab 3 - Singapore,88318,93940,130888,128551,88318,0,535586,575818
2026-12-01,2026,12,Forecast,SENSOR-S2,Sensor IC S2,Medium,FAB1-TW,Fab 1 - Taiwan,99227,92371,146391,141661,99227,0,767579,810013
2026-12-01,2026,12,Forecast,SENSOR-S2,Sensor IC S2,Medium,FAB2-AZ,Fab 2 - Arizona,65666,61580,118793,119415,65666,0,769695,823444
2026-12-01,2026,12,Forecast,SENSOR-S2,Sensor IC S2,Medium,FAB3-SG,Fab 3 - Singapore,52957,51317,69293,68569,52957,0,158502,174114
2027-01-01,2027,1,Forecast,MCU-A32,Microcontroller A32,High,FAB1-TW,Fab 1 - Taiwan,227617,246063,346019,348371,227617,0,2111732,2232486
2027-01-01,2027,1,Forecast,MCU-A32,Microcontroller A32,High,FAB2-AZ,Fab 2 - Arizona,152583,164042,282728,275122,152583,0,1946171,2068709
2027-01-01,2027,1,Forecast,MCU-A32,Microcontroller A32,High,FAB3-SG,Fab 3 - Singapore,134537,136702,163463,165648,134537,0,536082,567192
2027-01-01,2027,1,Forecast,MEM-D4,DRAM Memory D4,High,FAB1-TW,Fab 1 - Taiwan,444779,456807,502551,504373,444779,0,1413629,1473224
2027-01-01,2027,1,Forecast,MEM-D4,DRAM Memory D4,High,FAB2-AZ,Fab 2 - Arizona,305919,304538,410629,415604,305919,0,1804322,1914008
2027-01-01,2027,1,Forecast,MEM-D4,DRAM Memory D4,High,FAB3-SG,Fab 3 - Singapore,229363,253782,237411,236033,229363,0,11721,18391
2027-01-01,2027,1,Forecast,LOGIC-X7,Logic IC X7,Critical,FAB1-TW,Fab 1 - Taiwan,208763,212043,214202,211413,208763,0,282126,284776
2027-01-01,2027,1,Forecast,LOGIC-X7,Logic IC X7,Critical,FAB2-AZ,Fab 2 - Arizona,136119,141362,175022,179795,136119,0,489537,533213
2027-01-01,2027,1,Forecast,LOGIC-X7,Logic IC X7,Critical,FAB3-SG,Fab 3 - Singapore,117334,117802,101192,99834,99834,17499,0,0
2027-01-01,2027,1,Forecast,ANALOG-P9,Power Mgmt IC P9,Medium,FAB1-TW,Fab 1 - Taiwan,180667,177917,280110,274198,180667,0,1907899,2001430
2027-01-01,2027,1,Forecast,ANALOG-P9,Power Mgmt IC P9,Medium,FAB2-AZ,Fab 2 - Arizona,119299,118611,228875,226093,119299,0,1850045,1956839
2027-01-01,2027,1,Forecast,ANALOG-P9,Power Mgmt IC P9,Medium,FAB3-SG,Fab 3 - Singapore,100151,98843,132327,131818,100151,0,575818,607486
2027-01-01,2027,1,Forecast,SENSOR-S2,Sensor IC S2,Medium,FAB1-TW,Fab 1 - Taiwan,93311,105308,148294,147650,93311,0,810013,864352
2027-01-01,2027,1,Forecast,SENSOR-S2,Sensor IC S2,Medium,FAB2-AZ,Fab 2 - Arizona,64434,70205,121169,120197,64434,0,823444,879207
2027-01-01,2027,1,Forecast,SENSOR-S2,Sensor IC S2,Medium,FAB3-SG,Fab 3 - Singapore,52159,58505,70056,68492,52159,0,174114,190448
2027-02-01,2027,2,Forecast,MCU-A32,Microcontroller A32,High,FAB1-TW,Fab 1 - Taiwan,243540,241619,350517,355488,243540,0,2232486,2344434
2027-02-01,2027,2,Forecast,MCU-A32,Microcontroller A32,High,FAB2-AZ,Fab 2 - Arizona,156786,161079,288383,295730,156786,0,2068709,2207653
2027-02-01,2027,2,Forecast,MCU-A32,Microcontroller A32,High,FAB3-SG,Fab 3 - Singapore,128292,134233,165261,167526,128292,0,567192,606426
2027-02-01,2027,2,Forecast,MEM-D4,DRAM Memory D4,High,FAB1-TW,Fab 1 - Taiwan,490143,492704,509084,502165,490143,0,1473224,1485245
2027-02-01,2027,2,Forecast,MEM-D4,DRAM Memory D4,High,FAB2-AZ,Fab 2 - Arizona,327812,328469,418842,418764,327812,0,1914008,2004960
2027-02-01,2027,2,Forecast,MEM-D4,DRAM Memory D4,High,FAB3-SG,Fab 3 - Singapore,281838,273724,240022,238562,256953,24885,18391,0
2027-02-01,2027,2,Forecast,LOGIC-X7,Logic IC X7,Critical,FAB1-TW,Fab 1 - Taiwan,236157,239042,216987,222891,236157,0,284776,271510
2027-02-01,2027,2,Forecast,LOGIC-X7,Logic IC X7,Critical,FAB2-AZ,Fab 2 - Arizona,157805,159361,178523,170554,157805,0,533213,545962
2027-02-01,2027,2,Forecast,LOGIC-X7,Logic IC X7,Critical,FAB3-SG,Fab 3 - Singapore,136646,132801,102305,104492,104492,32155,0,0
2027-02-01,2027,2,Forecast,ANALOG-P9,Power Mgmt IC P9,Medium,FAB1-TW,Fab 1 - Taiwan,190181,181606,283752,287792,190181,0,2001430,2099041
2027-02-01,2027,2,Forecast,ANALOG-P9,Power Mgmt IC P9,Medium,FAB2-AZ,Fab 2 - Arizona,121283,121071,233453,236868,121283,0,1956839,2072425
2027-02-01,2027,2,Forecast,ANALOG-P9,Power Mgmt IC P9,Medium,FAB3-SG,Fab 3 - Singapore,99866,100892,133783,132287,99866,0,607486,639907
2027-02-01,2027,2,Forecast,SENSOR-S2,Sensor IC S2,Medium,FAB1-TW,Fab 1 - Taiwan,106128,100426,150222,153894,106128,0,864352,912118
2027-02-01,2027,2,Forecast,SENSOR-S2,Sensor IC S2,Medium,FAB2-AZ,Fab 2 - Arizona,70867,66951,123593,122233,70867,0,879207,930573
2027-02-01,2027,2,Forecast,SENSOR-S2,Sensor IC S2,Medium,FAB3-SG,Fab 3 - Singapore,58980,55792,70826,72052,58980,0,190448,203520
